SECUCODE,SECURITY_CODE,SECURITY_NAME_ABBR,ORG_CODE,REPORT_DATE,DATE_TYPE_CODE,FISCAL_YEAR,START_DATE,STD_ITEM_CODE,STD_ITEM_NAME,AMOUNT
00131.HK,00131,卓能(集团),10007411,2024-06-30 00:00:00,001,6-30,2023-07-01 00:00:00,001001,除税前溢利(业务利润),-122771888.24
00131.HK,00131,卓能(集团),10007411,2024-06-30 00:00:00,001,6-30,2023-07-01 00:00:00,001002,减:利息收入,14446811.72
00131.HK,00131,卓能(集团),10007411,2024-06-30 00:00:00,001,6-30,2023-07-01 00:00:00,001003,加:利息支出,49130477.08
00131.HK,00131,卓能(集团),10007411,2024-06-30 00:00:00,001,6-30,2023-07-01 00:00:00,001004,减:投资收益,4038609.0
00131.HK,00131,卓能(集团),10007411,2024-06-30 00:00:00,001,6-30,2023-07-01 00:00:00,001007,减:重估盈余,-139681110.6
00131.HK,00131,卓能(集团),10007411,2024-06-30 00:00:00,001,6-30,2023-07-01 00:00:00,001008,减:出售资产之溢利,-5429533.32
00131.HK,00131,卓能(集团),10007411,2024-06-30 00:00:00,001,6-30,2023-07-01 00:00:00,001009,加:折旧及摊销,3459057.2
00131.HK,00131,卓能(集团),10007411,2024-06-30 00:00:00,001,6-30,2023-07-01 00:00:00,001010,减:汇兑收益,-21677062.68
00131.HK,00131,卓能(集团),10007411,2024-06-30 00:00:00,001,6-30,2023-07-01 00:00:00,001999,营运资金变动前经营溢利,78119931.92
00131.HK,00131,卓能(集团),10007411,2024-06-30 00:00:00,001,6-30,2023-07-01 00:00:00,002002,应收帐款减少,5158467.36
00131.HK,00131,卓能(集团),10007411,2024-06-30 00:00:00,001,6-30,2023-07-01 00:00:00,002006,营运资本变动其他项目,-117641713.96
00131.HK,00131,卓能(集团),10007411,2024-06-30 00:00:00,001,6-30,2023-07-01 00:00:00,002008,预收账款、按金及其他应付款增加(减少),-6795815.28
00131.HK,00131,卓能(集团),10007411,2024-06-30 00:00:00,001,6-30,2023-07-01 00:00:00,002011,发展中物业(增加)减少,8437726.6
00131.HK,00131,卓能(集团),10007411,2024-06-30 00:00:00,001,6-30,2023-07-01 00:00:00,002999,经营产生现金,-32721403.36
00131.HK,00131,卓能(集团),10007411,2024-06-30 00:00:00,001,6-30,2023-07-01 00:00:00,003002,已付利息(经营),36479819.6
00131.HK,00131,卓能(集团),10007411,2024-06-30 00:00:00,001,6-30,2023-07-01 00:00:00,003003,已付税项,-257810195.68
00131.HK,00131,卓能(集团),10007411,2024-06-30 00:00:00,001,6-30,2023-07-01 00:00:00,003999,经营业务现金净额,188608972.72
00131.HK,00131,卓能(集团),10007411,2024-06-30 00:00:00,001,6-30,2023-07-01 00:00:00,005001,已收利息(投资),14904064.4
00131.HK,00131,卓能(集团),10007411,2024-06-30 00:00:00,001,6-30,2023-07-01 00:00:00,005002,已收股息(投资),4038609.0
00131.HK,00131,卓能(集团),10007411,2024-06-30 00:00:00,001,6-30,2023-07-01 00:00:00,005004,处置固定资产,27380.4
00131.HK,00131,卓能(集团),10007411,2024-06-30 00:00:00,001,6-30,2023-07-01 00:00:00,005005,购建固定资产,531179.76
00131.HK,00131,卓能(集团),10007411,2024-06-30 00:00:00,001,6-30,2023-07-01 00:00:00,005006,处置无形资产及其他资产,67637802.12
00131.HK,00131,卓能(集团),10007411,2024-06-30 00:00:00,001,6-30,2023-07-01 00:00:00,005007,购建无形资产及其他资产,6686293.68
00131.HK,00131,卓能(集团),10007411,2024-06-30 00:00:00,001,6-30,2023-07-01 00:00:00,005010,收回投资所得现金,2090949.88
00131.HK,00131,卓能(集团),10007411,2024-06-30 00:00:00,001,6-30,2023-07-01 00:00:00,005999,投资业务现金净额,81481332.36
00131.HK,00131,卓能(集团),10007411,2024-06-30 00:00:00,001,6-30,2023-07-01 00:00:00,006999,融资前现金净额,270090305.08
00131.HK,00131,卓能(集团),10007411,2024-06-30 00:00:00,001,6-30,2023-07-01 00:00:00,007001,新增借款,401505272.92
00131.HK,00131,卓能(集团),10007411,2024-06-30 00:00:00,001,6-30,2023-07-01 00:00:00,007002,偿还借款,120473760.0
00131.HK,00131,卓能(集团),10007411,2024-06-30 00:00:00,001,6-30,2023-07-01 00:00:00,007003,已付利息(融资),11904085.24
00131.HK,00131,卓能(集团),10007411,2024-06-30 00:00:00,001,6-30,2023-07-01 00:00:00,007004,已付股息(融资),31272980.2
00131.HK,00131,卓能(集团),10007411,2024-06-30 00:00:00,001,6-30,2023-07-01 00:00:00,007011,偿还融资租赁,2122893.68
00131.HK,00131,卓能(集团),10007411,2024-06-30 00:00:00,001,6-30,2023-07-01 00:00:00,007997,融资业务其他项目,-43808.64
00131.HK,00131,卓能(集团),10007411,2024-06-30 00:00:00,001,6-30,2023-07-01 00:00:00,007999,融资业务现金净额,235687745.16
00131.HK,00131,卓能(集团),10007411,2024-06-30 00:00:00,001,6-30,2023-07-01 00:00:00,010999,现金净额,505778050.24
00131.HK,00131,卓能(集团),10007411,2024-06-30 00:00:00,001,6-30,2023-07-01 00:00:00,011001,期初现金,294605802.56
00131.HK,00131,卓能(集团),10007411,2024-06-30 00:00:00,001,6-30,2023-07-01 00:00:00,011997,期间变动其他项目,2121068.32
00131.HK,00131,卓能(集团),10007411,2024-06-30 00:00:00,001,6-30,2023-07-01 00:00:00,011999,期末现金,802504921.12
00131.HK,00131,卓能(集团),10007411,2024-06-30 00:00:00,001,6-30,2023-07-01 00:00:00,013999,非运算项目,1605009842.24
00131.HK,00131,卓能(集团),10007411,2023-06-30 00:00:00,001,6-30,2022-07-01 00:00:00,001001,除税前溢利(业务利润),82234162.14
00131.HK,00131,卓能(集团),10007411,2023-06-30 00:00:00,001,6-30,2022-07-01 00:00:00,001002,减:利息收入,10631351.38
00131.HK,00131,卓能(集团),10007411,2023-06-30 00:00:00,001,6-30,2022-07-01 00:00:00,001003,加:利息支出,16692447.9
00131.HK,00131,卓能(集团),10007411,2023-06-30 00:00:00,001,6-30,2022-07-01 00:00:00,001004,减:投资收益,2698635.46
00131.HK,00131,卓能(集团),10007411,2023-06-30 00:00:00,001,6-30,2022-07-01 00:00:00,001007,减:重估盈余,120229879.92
00131.HK,00131,卓能(集团),10007411,2023-06-30 00:00:00,001,6-30,2022-07-01 00:00:00,001009,加:折旧及摊销,3315440.08
00131.HK,00131,卓能(集团),10007411,2023-06-30 00:00:00,001,6-30,2022-07-01 00:00:00,001010,减:汇兑收益,-19854839.3
00131.HK,00131,卓能(集团),10007411,2023-06-30 00:00:00,001,6-30,2022-07-01 00:00:00,001999,营运资金变动前经营溢利,-11462977.34
00131.HK,00131,卓能(集团),10007411,2023-06-30 00:00:00,001,6-30,2022-07-01 00:00:00,002002,应收帐款减少,771697.26
00131.HK,00131,卓能(集团),10007411,2023-06-30 00:00:00,001,6-30,2022-07-01 00:00:00,002006,营运资本变动其他项目,-15681957.82
00131.HK,00131,卓能(集团),10007411,2023-06-30 00:00:00,001,6-30,2022-07-01 00:00:00,002008,预收账款、按金及其他应付款增加(减少),16128196.14
00131.HK,00131,卓能(集团),10007411,2023-06-30 00:00:00,001,6-30,2022-07-01 00:00:00,002011,发展中物业(增加)减少,-3975577.76
00131.HK,00131,卓能(集团),10007411,2023-06-30 00:00:00,001,6-30,2022-07-01 00:00:00,002999,经营产生现金,-14220619.52
00131.HK,00131,卓能(集团),10007411,2023-06-30 00:00:00,001,6-30,2022-07-01 00:00:00,003002,已付利息(经营),33561915.96
00131.HK,00131,卓能(集团),10007411,2023-06-30 00:00:00,001,6-30,2022-07-01 00:00:00,003003,已付税项,14951749.66
00131.HK,00131,卓能(集团),10007411,2023-06-30 00:00:00,001,6-30,2022-07-01 00:00:00,003999,经营业务现金净额,-62734285.14
00131.HK,00131,卓能(集团),10007411,2023-06-30 00:00:00,001,6-30,2022-07-01 00:00:00,005001,已收利息(投资),9740718.7
00131.HK,00131,卓能(集团),10007411,2023-06-30 00:00:00,001,6-30,2022-07-01 00:00:00,005002,已收股息(投资),2698635.46
00131.HK,00131,卓能(集团),10007411,2023-06-30 00:00:00,001,6-30,2022-07-01 00:00:00,005003,存款减少(增加),839923.78
00131.HK,00131,卓能(集团),10007411,2023-06-30 00:00:00,001,6-30,2022-07-01 00:00:00,005004,处置固定资产,2765.94
00131.HK,00131,卓能(集团),10007411,2023-06-30 00:00:00,001,6-30,2022-07-01 00:00:00,005005,购建固定资产,508010.98
00131.HK,00131,卓能(集团),10007411,2023-06-30 00:00:00,001,6-30,2022-07-01 00:00:00,005007,购建无形资产及其他资产,8654626.26
00131.HK,00131,卓能(集团),10007411,2023-06-30 00:00:00,001,6-30,2022-07-01 00:00:00,005010,收回投资所得现金,79062550.94
00131.HK,00131,卓能(集团),10007411,2023-06-30 00:00:00,001,6-30,2022-07-01 00:00:00,005011,投资支付现金,16711809.48
00131.HK,00131,卓能(集团),10007411,2023-06-30 00:00:00,001,6-30,2022-07-01 00:00:00,005999,投资业务现金净额,66470148.1
00131.HK,00131,卓能(集团),10007411,2023-06-30 00:00:00,001,6-30,2022-07-01 00:00:00,006999,融资前现金净额,3735862.96
00131.HK,00131,卓能(集团),10007411,2023-06-30 00:00:00,001,6-30,2022-07-01 00:00:00,007001,新增借款,425916958.82
00131.HK,00131,卓能(集团),10007411,2023-06-30 00:00:00,001,6-30,2022-07-01 00:00:00,007002,偿还借款,410944003.62
00131.HK,00131,卓能(集团),10007411,2023-06-30 00:00:00,001,6-30,2022-07-01 00:00:00,007003,已付利息(融资),9205970.3
00131.HK,00131,卓能(集团),10007411,2023-06-30 00:00:00,001,6-30,2022-07-01 00:00:00,007004,已付股息(融资),22565460.5
00131.HK,00131,卓能(集团),10007411,2023-06-30 00:00:00,001,6-30,2022-07-01 00:00:00,007011,偿还融资租赁,2045873.62
00131.HK,00131,卓能(集团),10007411,2023-06-30 00:00:00,001,6-30,2022-07-01 00:00:00,007997,融资业务其他项目,-40567.12
00131.HK,00131,卓能(集团),10007411,2023-06-30 00:00:00,001,6-30,2022-07-01 00:00:00,007999,融资业务现金净额,-18884916.34
00131.HK,00131,卓能(集团),10007411,2023-06-30 00:00:00,001,6-30,2022-07-01 00:00:00,010999,现金净额,-15149053.38
00131.HK,00131,卓能(集团),10007411,2023-06-30 00:00:00,001,6-30,2022-07-01 00:00:00,011001,期初现金,336210148.78
00131.HK,00131,卓能(集团),10007411,2023-06-30 00:00:00,001,6-30,2022-07-01 00:00:00,011997,期间变动其他项目,-23453327.24
00131.HK,00131,卓能(集团),10007411,2023-06-30 00:00:00,001,6-30,2022-07-01 00:00:00,011999,期末现金,297607768.16
00131.HK,00131,卓能(集团),10007411,2023-06-30 00:00:00,001,6-30,2022-07-01 00:00:00,013999,非运算项目,595215536.32
00131.HK,00131,卓能(集团),10007411,2022-06-30 00:00:00,001,6-30,2021-07-01 00:00:00,001001,除税前溢利(业务利润),48955351.55
00131.HK,00131,卓能(集团),10007411,2022-06-30 00:00:00,001,6-30,2021-07-01 00:00:00,001002,减:利息收入,29381762.83
00131.HK,00131,卓能(集团),10007411,2022-06-30 00:00:00,001,6-30,2021-07-01 00:00:00,001003,加:利息支出,13472663.26
00131.HK,00131,卓能(集团),10007411,2022-06-30 00:00:00,001,6-30,2021-07-01 00:00:00,001004,减:投资收益,813285.69
00131.HK,00131,卓能(集团),10007411,2022-06-30 00:00:00,001,6-30,2021-07-01 00:00:00,001007,减:重估盈余,78436316.42
00131.HK,00131,卓能(集团),10007411,2022-06-30 00:00:00,001,6-30,2021-07-01 00:00:00,001009,加:折旧及摊销,2987178.67
00131.HK,00131,卓能(集团),10007411,2022-06-30 00:00:00,001,6-30,2021-07-01 00:00:00,001010,减:汇兑收益,-24401991.46
00131.HK,00131,卓能(集团),10007411,2022-06-30 00:00:00,001,6-30,2021-07-01 00:00:00,001999,营运资金变动前经营溢利,-18814180.0
00131.HK,00131,卓能(集团),10007411,2022-06-30 00:00:00,001,6-30,2021-07-01 00:00:00,002002,应收帐款减少,2505706.7
00131.HK,00131,卓能(集团),10007411,2022-06-30 00:00:00,001,6-30,2021-07-01 00:00:00,002005,应付关联方款项增加(减少),-401084.11
00131.HK,00131,卓能(集团),10007411,2022-06-30 00:00:00,001,6-30,2021-07-01 00:00:00,002006,营运资本变动其他项目,-10210113.41
00131.HK,00131,卓能(集团),10007411,2022-06-30 00:00:00,001,6-30,2021-07-01 00:00:00,002008,预收账款、按金及其他应付款增加(减少),-956957.61
00131.HK,00131,卓能(集团),10007411,2022-06-30 00:00:00,001,6-30,2021-07-01 00:00:00,002999,经营产生现金,-27876628.43
00131.HK,00131,卓能(集团),10007411,2022-06-30 00:00:00,001,6-30,2021-07-01 00:00:00,003002,已付利息(经营),6747449.1
00131.HK,00131,卓能(集团),10007411,2022-06-30 00:00:00,001,6-30,2021-07-01 00:00:00,003003,已付税项,1345118943.91
00131.HK,00131,卓能(集团),10007411,2022-06-30 00:00:00,001,6-30,2021-07-01 00:00:00,003999,经营业务现金净额,-1379743021.44
00131.HK,00131,卓能(集团),10007411,2022-06-30 00:00:00,001,6-30,2021-07-01 00:00:00,005001,已收利息(投资),30264318.91
00131.HK,00131,卓能(集团),10007411,2022-06-30 00:00:00,001,6-30,2021-07-01 00:00:00,005002,已收股息(投资),1402511.6
00131.HK,00131,卓能(集团),10007411,2022-06-30 00:00:00,001,6-30,2021-07-01 00:00:00,005003,存款减少(增加),522521.09
00131.HK,00131,卓能(集团),10007411,2022-06-30 00:00:00,001,6-30,2021-07-01 00:00:00,005005,购建固定资产,630275.03
00131.HK,00131,卓能(集团),10007411,2022-06-30 00:00:00,001,6-30,2021-07-01 00:00:00,005007,购建无形资产及其他资产,10985770.74
00131.HK,00131,卓能(集团),10007411,2022-06-30 00:00:00,001,6-30,2021-07-01 00:00:00,005010,收回投资所得现金,1994303.08
00131.HK,00131,卓能(集团),10007411,2022-06-30 00:00:00,001,6-30,2021-07-01 00:00:00,005999,投资业务现金净额,22567608.91
00131.HK,00131,卓能(集团),10007411,2022-06-30 00:00:00,001,6-30,2021-07-01 00:00:00,006999,融资前现金净额,-1357175412.53
00131.HK,00131,卓能(集团),10007411,2022-06-30 00:00:00,001,6-30,2021-07-01 00:00:00,007001,新增借款,27678224.35
00131.HK,00131,卓能(集团),10007411,2022-06-30 00:00:00,001,6-30,2021-07-01 00:00:00,007003,已付利息(融资),6423332.09
00131.HK,00131,卓能(集团),10007411,2022-06-30 00:00:00,001,6-30,2021-07-01 00:00:00,007004,已付股息(融资),25116930.3
00131.HK,00131,卓能(集团),10007411,2022-06-30 00:00:00,001,6-30,2021-07-01 00:00:00,007011,偿还融资租赁,2006275.74
00131.HK,00131,卓能(集团),10007411,2022-06-30 00:00:00,001,6-30,2021-07-01 00:00:00,007997,融资业务其他项目,-53876.97
00131.HK,00131,卓能(集团),10007411,2022-06-30 00:00:00,001,6-30,2021-07-01 00:00:00,007999,融资业务现金净额,-5922190.75
00131.HK,00131,卓能(集团),10007411,2022-06-30 00:00:00,001,6-30,2021-07-01 00:00:00,010999,现金净额,-1363097603.28
00131.HK,00131,卓能(集团),10007411,2022-06-30 00:00:00,001,6-30,2021-07-01 00:00:00,011001,期初现金,1698950385.65
00131.HK,00131,卓能(集团),10007411,2022-06-30 00:00:00,001,6-30,2021-07-01 00:00:00,011997,期间变动其他项目,-22449592.69
00131.HK,00131,卓能(集团),10007411,2022-06-30 00:00:00,001,6-30,2021-07-01 00:00:00,011999,期末现金,313403189.68
00131.HK,00131,卓能(集团),10007411,2022-06-30 00:00:00,001,6-30,2021-07-01 00:00:00,013999,非运算项目,626806379.36
00131.HK,00131,卓能(集团),10007411,2021-06-30 00:00:00,001,6-30,2020-07-01 00:00:00,001001,除税前溢利(业务利润),460171026.96
00131.HK,00131,卓能(集团),10007411,2021-06-30 00:00:00,001,6-30,2020-07-01 00:00:00,001002,减:利息收入,37616672.64
00131.HK,00131,卓能(集团),10007411,2021-06-30 00:00:00,001,6-30,2020-07-01 00:00:00,001003,加:利息支出,17794030.8
00131.HK,00131,卓能(集团),10007411,2021-06-30 00:00:00,001,6-30,2020-07-01 00:00:00,001004,减:投资收益,1766505.84
00131.HK,00131,卓能(集团),10007411,2021-06-30 00:00:00,001,6-30,2020-07-01 00:00:00,001007,减:重估盈余,-91745140.8
00131.HK,00131,卓能(集团),10007411,2021-06-30 00:00:00,001,6-30,2020-07-01 00:00:00,001008,减:出售资产之溢利,14055495.36
00131.HK,00131,卓能(集团),10007411,2021-06-30 00:00:00,001,6-30,2020-07-01 00:00:00,001009,加:折旧及摊销,3157743.6
00131.HK,00131,卓能(集团),10007411,2021-06-30 00:00:00,001,6-30,2020-07-01 00:00:00,001010,减:汇兑收益,14972447.52
00131.HK,00131,卓能(集团),10007411,2021-06-30 00:00:00,001,6-30,2020-07-01 00:00:00,001999,营运资金变动前经营溢利,504456820.8
00131.HK,00131,卓能(集团),10007411,2021-06-30 00:00:00,001,6-30,2020-07-01 00:00:00,002002,应收帐款减少,1115819.28
00131.HK,00131,卓能(集团),10007411,2021-06-30 00:00:00,001,6-30,2020-07-01 00:00:00,002005,应付关联方款项增加(减少),-249635649.12
00131.HK,00131,卓能(集团),10007411,2021-06-30 00:00:00,001,6-30,2020-07-01 00:00:00,002006,营运资本变动其他项目,2249944.32
00131.HK,00131,卓能(集团),10007411,2021-06-30 00:00:00,001,6-30,2020-07-01 00:00:00,002008,预收账款、按金及其他应付款增加(减少),-25692966.24
00131.HK,00131,卓能(集团),10007411,2021-06-30 00:00:00,001,6-30,2020-07-01 00:00:00,002011,发展中物业(增加)减少,73371150.24
00131.HK,00131,卓能(集团),10007411,2021-06-30 00:00:00,001,6-30,2020-07-01 00:00:00,002999,经营产生现金,305865119.28
00131.HK,00131,卓能(集团),10007411,2021-06-30 00:00:00,001,6-30,2020-07-01 00:00:00,003002,已付利息(经营),11607516.0
00131.HK,00131,卓能(集团),10007411,2021-06-30 00:00:00,001,6-30,2020-07-01 00:00:00,003003,已付税项,118936683.12
00131.HK,00131,卓能(集团),10007411,2021-06-30 00:00:00,001,6-30,2020-07-01 00:00:00,003999,经营业务现金净额,175320920.16
00131.HK,00131,卓能(集团),10007411,2021-06-30 00:00:00,001,6-30,2020-07-01 00:00:00,005001,已收利息(投资),37702376.88
00131.HK,00131,卓能(集团),10007411,2021-06-30 00:00:00,001,6-30,2020-07-01 00:00:00,005002,已收股息(投资),1193202.72
00131.HK,00131,卓能(集团),10007411,2021-06-30 00:00:00,001,6-30,2020-07-01 00:00:00,005003,存款减少(增加),1862195.04
00131.HK,00131,卓能(集团),10007411,2021-06-30 00:00:00,001,6-30,2020-07-01 00:00:00,005005,购建固定资产,263769.36
00131.HK,00131,卓能(集团),10007411,2021-06-30 00:00:00,001,6-30,2020-07-01 00:00:00,005006,处置无形资产及其他资产,408889936.56
00131.HK,00131,卓能(集团),10007411,2021-06-30 00:00:00,001,6-30,2020-07-01 00:00:00,005007,购建无形资产及其他资产,2908951.68
00131.HK,00131,卓能(集团),10007411,2021-06-30 00:00:00,001,6-30,2020-07-01 00:00:00,005010,收回投资所得现金,1510610453.04
00131.HK,00131,卓能(集团),10007411,2021-06-30 00:00:00,001,6-30,2020-07-01 00:00:00,005011,投资支付现金,1118765675.28
00131.HK,00131,卓能(集团),10007411,2021-06-30 00:00:00,001,6-30,2020-07-01 00:00:00,005999,投资业务现金净额,838319767.92
00131.HK,00131,卓能(集团),10007411,2021-06-30 00:00:00,001,6-30,2020-07-01 00:00:00,007001,新增借款,-35405004.0
00131.HK,00131,卓能(集团),10007411,2021-06-30 00:00:00,001,6-30,2020-07-01 00:00:00,007002,偿还借款,342033140.64
00131.HK,00131,卓能(集团),10007411,2021-06-30 00:00:00,001,6-30,2020-07-01 00:00:00,007003,已付利息(融资),5837041.2
00131.HK,00131,卓能(集团),10007411,2021-06-30 00:00:00,001,6-30,2020-07-01 00:00:00,007004,已付股息(融资),14645440.08
00131.HK,00131,卓能(集团),10007411,2021-06-30 00:00:00,001,6-30,2020-07-01 00:00:00,007011,偿还融资租赁,2255768.88
00131.HK,00131,卓能(集团),10007411,2021-06-30 00:00:00,001,6-30,2020-07-01 00:00:00,007999,融资业务现金净额,-400176394.8
00131.HK,00131,卓能(集团),10007411,2021-06-30 00:00:00,001,6-30,2020-07-01 00:00:00,010999,现金净额,613464293.28
00131.HK,00131,卓能(集团),10007411,2021-06-30 00:00:00,001,6-30,2020-07-01 00:00:00,011001,期初现金,1025877256.56
00131.HK,00131,卓能(集团),10007411,2021-06-30 00:00:00,001,6-30,2020-07-01 00:00:00,011997,期间变动其他项目,13697700.96
00131.HK,00131,卓能(集团),10007411,2021-06-30 00:00:00,001,6-30,2020-07-01 00:00:00,011999,期末现金,1653039250.8
00131.HK,00131,卓能(集团),10007411,2021-06-30 00:00:00,001,6-30,2020-07-01 00:00:00,013999,非运算项目,1653039250.8
00131.HK,00131,卓能(集团),10007411,2020-06-30 00:00:00,001,6-30,2019-07-01 00:00:00,001001,除税前溢利(业务利润),253419312.96
00131.HK,00131,卓能(集团),10007411,2020-06-30 00:00:00,001,6-30,2019-07-01 00:00:00,001002,减:利息收入,34588319.04
00131.HK,00131,卓能(集团),10007411,2020-06-30 00:00:00,001,6-30,2019-07-01 00:00:00,001003,加:利息支出,33232774.08
00131.HK,00131,卓能(集团),10007411,2020-06-30 00:00:00,001,6-30,2019-07-01 00:00:00,001004,减:投资收益,577294.08
00131.HK,00131,卓能(集团),10007411,2020-06-30 00:00:00,001,6-30,2019-07-01 00:00:00,001007,减:重估盈余,-4294081.44
00131.HK,00131,卓能(集团),10007411,2020-06-30 00:00:00,001,6-30,2019-07-01 00:00:00,001008,减:出售资产之溢利,14811429.6
00131.HK,00131,卓能(集团),10007411,2020-06-30 00:00:00,001,6-30,2019-07-01 00:00:00,001009,加:折旧及摊销,3711306.72
00131.HK,00131,卓能(集团),10007411,2020-06-30 00:00:00,001,6-30,2019-07-01 00:00:00,001010,减:汇兑收益,-45275567.04
00131.HK,00131,卓能(集团),10007411,2020-06-30 00:00:00,001,6-30,2019-07-01 00:00:00,001999,营运资金变动前经营溢利,289955999.52
00131.HK,00131,卓能(集团),10007411,2020-06-30 00:00:00,001,6-30,2019-07-01 00:00:00,002002,应收帐款减少,20811816.96
00131.HK,00131,卓能(集团),10007411,2020-06-30 00:00:00,001,6-30,2019-07-01 00:00:00,002006,营运资本变动其他项目,135419306.88
00131.HK,00131,卓能(集团),10007411,2020-06-30 00:00:00,001,6-30,2019-07-01 00:00:00,002008,预收账款、按金及其他应付款增加(减少),-35124508.32
00131.HK,00131,卓能(集团),10007411,2020-06-30 00:00:00,001,6-30,2019-07-01 00:00:00,002999,经营产生现金,411062615.04
00131.HK,00131,卓能(集团),10007411,2020-06-30 00:00:00,001,6-30,2019-07-01 00:00:00,003002,已付利息(经营),33263831.04
00131.HK,00131,卓能(集团),10007411,2020-06-30 00:00:00,001,6-30,2019-07-01 00:00:00,003003,已付税项,130561632.96
00131.HK,00131,卓能(集团),10007411,2020-06-30 00:00:00,001,6-30,2019-07-01 00:00:00,003999,经营业务现金净额,247237151.04
00131.HK,00131,卓能(集团),10007411,2020-06-30 00:00:00,001,6-30,2019-07-01 00:00:00,005001,已收利息(投资),34147127.52
00131.HK,00131,卓能(集团),10007411,2020-06-30 00:00:00,001,6-30,2019-07-01 00:00:00,005002,已收股息(投资),577294.08
00131.HK,00131,卓能(集团),10007411,2020-06-30 00:00:00,001,6-30,2019-07-01 00:00:00,005003,存款减少(增加),176655642.24
00131.HK,00131,卓能(集团),10007411,2020-06-30 00:00:00,001,6-30,2019-07-01 00:00:00,005004,处置固定资产,6394.08
00131.HK,00131,卓能(集团),10007411,2020-06-30 00:00:00,001,6-30,2019-07-01 00:00:00,005005,购建固定资产,397346.4
00131.HK,00131,卓能(集团),10007411,2020-06-30 00:00:00,001,6-30,2019-07-01 00:00:00,005006,处置无形资产及其他资产,470130212.64
00131.HK,00131,卓能(集团),10007411,2020-06-30 00:00:00,001,6-30,2019-07-01 00:00:00,005007,购建无形资产及其他资产,40021460.16
00131.HK,00131,卓能(集团),10007411,2020-06-30 00:00:00,001,6-30,2019-07-01 00:00:00,005010,收回投资所得现金,957455933.28
00131.HK,00131,卓能(集团),10007411,2020-06-30 00:00:00,001,6-30,2019-07-01 00:00:00,005011,投资支付现金,1119381442.08
00131.HK,00131,卓能(集团),10007411,2020-06-30 00:00:00,001,6-30,2019-07-01 00:00:00,005999,投资业务现金净额,479172355.2
00131.HK,00131,卓能(集团),10007411,2020-06-30 00:00:00,001,6-30,2019-07-01 00:00:00,007001,新增借款,556094964.48
00131.HK,00131,卓能(集团),10007411,2020-06-30 00:00:00,001,6-30,2019-07-01 00:00:00,007002,偿还借款,456165541.92
00131.HK,00131,卓能(集团),10007411,2020-06-30 00:00:00,001,6-30,2019-07-01 00:00:00,007004,已付股息(融资),19040656.8
00131.HK,00131,卓能(集团),10007411,2020-06-30 00:00:00,001,6-30,2019-07-01 00:00:00,007997,融资业务其他项目,-2594169.6
00131.HK,00131,卓能(集团),10007411,2020-06-30 00:00:00,001,6-30,2019-07-01 00:00:00,007999,融资业务现金净额,78294596.16
00131.HK,00131,卓能(集团),10007411,2020-06-30 00:00:00,001,6-30,2019-07-01 00:00:00,010999,现金净额,804704102.4
00131.HK,00131,卓能(集团),10007411,2020-06-30 00:00:00,001,6-30,2019-07-01 00:00:00,011001,期初现金,363821325.12
00131.HK,00131,卓能(集团),10007411,2020-06-30 00:00:00,001,6-30,2019-07-01 00:00:00,011997,期间变动其他项目,-42338857.44
00131.HK,00131,卓能(集团),10007411,2020-06-30 00:00:00,001,6-30,2019-07-01 00:00:00,011999,期末现金,1126186570.08
00131.HK,00131,卓能(集团),10007411,2019-06-30 00:00:00,001,6-30,2018-07-01 00:00:00,001001,除税前溢利(业务利润),675694115.46
00131.HK,00131,卓能(集团),10007411,2019-06-30 00:00:00,001,6-30,2018-07-01 00:00:00,001002,减:利息收入,22849168.5
00131.HK,00131,卓能(集团),10007411,2019-06-30 00:00:00,001,6-30,2018-07-01 00:00:00,001003,加:利息支出,26393318.64
00131.HK,00131,卓能(集团),10007411,2019-06-30 00:00:00,001,6-30,2018-07-01 00:00:00,001004,减:投资收益,199682.82
00131.HK,00131,卓能(集团),10007411,2019-06-30 00:00:00,001,6-30,2018-07-01 00:00:00,001007,减:重估盈余,600666154.74
00131.HK,00131,卓能(集团),10007411,2019-06-30 00:00:00,001,6-30,2018-07-01 00:00:00,001008,减:出售资产之溢利,9811727.64
00131.HK,00131,卓能(集团),10007411,2019-06-30 00:00:00,001,6-30,2018-07-01 00:00:00,001009,加:折旧及摊销,1642325.22
00131.HK,00131,卓能(集团),10007411,2019-06-30 00:00:00,001,6-30,2018-07-01 00:00:00,001010,减:汇兑收益,52377595.38
00131.HK,00131,卓能(集团),10007411,2019-06-30 00:00:00,001,6-30,2018-07-01 00:00:00,001999,营运资金变动前经营溢利,17825430.24
00131.HK,00131,卓能(集团),10007411,2019-06-30 00:00:00,001,6-30,2018-07-01 00:00:00,002002,应收帐款减少,-2660091.84
00131.HK,00131,卓能(集团),10007411,2019-06-30 00:00:00,001,6-30,2018-07-01 00:00:00,002006,营运资本变动其他项目,100820471.58
00131.HK,00131,卓能(集团),10007411,2019-06-30 00:00:00,001,6-30,2018-07-01 00:00:00,002008,预收账款、按金及其他应付款增加(减少),33791259.24
00131.HK,00131,卓能(集团),10007411,2019-06-30 00:00:00,001,6-30,2018-07-01 00:00:00,002011,发展中物业(增加)减少,-2734862.94
00131.HK,00131,卓能(集团),10007411,2019-06-30 00:00:00,001,6-30,2018-07-01 00:00:00,002999,经营产生现金,147042206.28
00131.HK,00131,卓能(集团),10007411,2019-06-30 00:00:00,001,6-30,2018-07-01 00:00:00,003002,已付利息(经营),24874145.82
00131.HK,00131,卓能(集团),10007411,2019-06-30 00:00:00,001,6-30,2018-07-01 00:00:00,003999,经营业务现金净额,122168060.46
00131.HK,00131,卓能(集团),10007411,2019-06-30 00:00:00,001,6-30,2018-07-01 00:00:00,005001,已收利息(投资),23361130.62
00131.HK,00131,卓能(集团),10007411,2019-06-30 00:00:00,001,6-30,2018-07-01 00:00:00,005002,已收股息(投资),199682.82
00131.HK,00131,卓能(集团),10007411,2019-06-30 00:00:00,001,6-30,2018-07-01 00:00:00,005003,存款减少(增加),7453359.18
00131.HK,00131,卓能(集团),10007411,2019-06-30 00:00:00,001,6-30,2018-07-01 00:00:00,005005,购建固定资产,694931.4
00131.HK,00131,卓能(集团),10007411,2019-06-30 00:00:00,001,6-30,2018-07-01 00:00:00,005006,处置无形资产及其他资产,95159859.48
00131.HK,00131,卓能(集团),10007411,2019-06-30 00:00:00,001,6-30,2018-07-01 00:00:00,005007,购建无形资产及其他资产,294986064.06
00131.HK,00131,卓能(集团),10007411,2019-06-30 00:00:00,001,6-30,2018-07-01 00:00:00,005999,投资业务现金净额,-169506963.36
00131.HK,00131,卓能(集团),10007411,2019-06-30 00:00:00,001,6-30,2018-07-01 00:00:00,007001,新增借款,150667285.14
00131.HK,00131,卓能(集团),10007411,2019-06-30 00:00:00,001,6-30,2018-07-01 00:00:00,007002,偿还借款,159174477.0
00131.HK,00131,卓能(集团),10007411,2019-06-30 00:00:00,001,6-30,2018-07-01 00:00:00,007004,已付股息(融资),21227075.46
00131.HK,00131,卓能(集团),10007411,2019-06-30 00:00:00,001,6-30,2018-07-01 00:00:00,007999,融资业务现金净额,-29734267.32
00131.HK,00131,卓能(集团),10007411,2019-06-30 00:00:00,001,6-30,2018-07-01 00:00:00,010999,现金净额,-77073170.22
00131.HK,00131,卓能(集团),10007411,2019-06-30 00:00:00,001,6-30,2018-07-01 00:00:00,011001,期初现金,456009586.38
00131.HK,00131,卓能(集团),10007411,2019-06-30 00:00:00,001,6-30,2018-07-01 00:00:00,011997,期间变动其他项目,-28569597.48
00131.HK,00131,卓能(集团),10007411,2019-06-30 00:00:00,001,6-30,2018-07-01 00:00:00,011999,期末现金,350366818.68
00131.HK,00131,卓能(集团),10007411,2018-06-30 00:00:00,001,6-30,2017-07-01 00:00:00,001001,除税前溢利(业务利润),884202811.2
00131.HK,00131,卓能(集团),10007411,2018-06-30 00:00:00,001,6-30,2017-07-01 00:00:00,001002,减:利息收入,20935859.2
00131.HK,00131,卓能(集团),10007411,2018-06-30 00:00:00,001,6-30,2017-07-01 00:00:00,001003,加:利息支出,26812266.2
00131.HK,00131,卓能(集团),10007411,2018-06-30 00:00:00,001,6-30,2017-07-01 00:00:00,001004,减:投资收益,210775.0
00131.HK,00131,卓能(集团),10007411,2018-06-30 00:00:00,001,6-30,2017-07-01 00:00:00,001007,减:重估盈余,953352187.0
00131.HK,00131,卓能(集团),10007411,2018-06-30 00:00:00,001,6-30,2017-07-01 00:00:00,001008,减:出售资产之溢利,2646490.9
00131.HK,00131,卓能(集团),10007411,2018-06-30 00:00:00,001,6-30,2017-07-01 00:00:00,001009,加:折旧及摊销,1544559.2
00131.HK,00131,卓能(集团),10007411,2018-06-30 00:00:00,001,6-30,2017-07-01 00:00:00,001010,减:汇兑收益,66351970.0
00131.HK,00131,卓能(集团),10007411,2018-06-30 00:00:00,001,6-30,2017-07-01 00:00:00,001997,加:经营调整其他项目,56978384.2
00131.HK,00131,卓能(集团),10007411,2018-06-30 00:00:00,001,6-30,2017-07-01 00:00:00,001999,营运资金变动前经营溢利,-73959261.3
00131.HK,00131,卓能(集团),10007411,2018-06-30 00:00:00,001,6-30,2017-07-01 00:00:00,002002,应收帐款减少,-12371649.4
00131.HK,00131,卓能(集团),10007411,2018-06-30 00:00:00,001,6-30,2017-07-01 00:00:00,002006,营运资本变动其他项目,8307907.4
00131.HK,00131,卓能(集团),10007411,2018-06-30 00:00:00,001,6-30,2017-07-01 00:00:00,002008,预收账款、按金及其他应付款增加(减少),-71642422.5
00131.HK,00131,卓能(集团),10007411,2018-06-30 00:00:00,001,6-30,2017-07-01 00:00:00,002011,发展中物业(增加)减少,-39586917.4
00131.HK,00131,卓能(集团),10007411,2018-06-30 00:00:00,001,6-30,2017-07-01 00:00:00,002999,经营产生现金,-189252343.2
00131.HK,00131,卓能(集团),10007411,2018-06-30 00:00:00,001,6-30,2017-07-01 00:00:00,003002,已付利息(经营),18328994.0
00131.HK,00131,卓能(集团),10007411,2018-06-30 00:00:00,001,6-30,2017-07-01 00:00:00,003003,已付税项,793357.1
00131.HK,00131,卓能(集团),10007411,2018-06-30 00:00:00,001,6-30,2017-07-01 00:00:00,003999,经营业务现金净额,-208374694.3
00131.HK,00131,卓能(集团),10007411,2018-06-30 00:00:00,001,6-30,2017-07-01 00:00:00,005001,已收利息(投资),21257923.4
00131.HK,00131,卓能(集团),10007411,2018-06-30 00:00:00,001,6-30,2017-07-01 00:00:00,005002,已收股息(投资),186325.1
00131.HK,00131,卓能(集团),10007411,2018-06-30 00:00:00,001,6-30,2017-07-01 00:00:00,005003,存款减少(增加),-141792558.0
00131.HK,00131,卓能(集团),10007411,2018-06-30 00:00:00,001,6-30,2017-07-01 00:00:00,005005,购建固定资产,408903.5
00131.HK,00131,卓能(集团),10007411,2018-06-30 00:00:00,001,6-30,2017-07-01 00:00:00,005007,购建无形资产及其他资产,13874896.7
00131.HK,00131,卓能(集团),10007411,2018-06-30 00:00:00,001,6-30,2017-07-01 00:00:00,005010,收回投资所得现金,13696159.5
00131.HK,00131,卓能(集团),10007411,2018-06-30 00:00:00,001,6-30,2017-07-01 00:00:00,005011,投资支付现金,55534997.0
00131.HK,00131,卓能(集团),10007411,2018-06-30 00:00:00,001,6-30,2017-07-01 00:00:00,005999,投资业务现金净额,-176470947.2
00131.HK,00131,卓能(集团),10007411,2018-06-30 00:00:00,001,6-30,2017-07-01 00:00:00,006999,融资前现金净额,-384845641.5
00131.HK,00131,卓能(集团),10007411,2018-06-30 00:00:00,001,6-30,2017-07-01 00:00:00,007001,新增借款,540392532.9
00131.HK,00131,卓能(集团),10007411,2018-06-30 00:00:00,001,6-30,2017-07-01 00:00:00,007002,偿还借款,529267828.4
00131.HK,00131,卓能(集团),10007411,2018-06-30 00:00:00,001,6-30,2017-07-01 00:00:00,007004,已付股息(融资),22093435.5
00131.HK,00131,卓能(集团),10007411,2018-06-30 00:00:00,001,6-30,2017-07-01 00:00:00,007006,发行股份,68753118.8
00131.HK,00131,卓能(集团),10007411,2018-06-30 00:00:00,001,6-30,2017-07-01 00:00:00,007999,融资业务现金净额,57784387.8
00131.HK,00131,卓能(集团),10007411,2018-06-30 00:00:00,001,6-30,2017-07-01 00:00:00,010999,现金净额,-327061253.7
00131.HK,00131,卓能(集团),10007411,2018-06-30 00:00:00,001,6-30,2017-07-01 00:00:00,011001,期初现金,738772276.7
00131.HK,00131,卓能(集团),10007411,2018-06-30 00:00:00,001,6-30,2017-07-01 00:00:00,011997,期间变动其他项目,25346115.3
00131.HK,00131,卓能(集团),10007411,2018-06-30 00:00:00,001,6-30,2017-07-01 00:00:00,011999,期末现金,437057138.3
00131.HK,00131,卓能(集团),10007411,2018-06-30 00:00:00,001,6-30,2017-07-01 00:00:00,013999,非运算项目,874114276.6
00131.HK,00131,卓能(集团),10007411,2017-06-30 00:00:00,001,6-30,2016-07-01 00:00:00,001001,除税前溢利(业务利润),1039158880.16
00131.HK,00131,卓能(集团),10007411,2017-06-30 00:00:00,001,6-30,2016-07-01 00:00:00,001002,减:利息收入,11286431.68
00131.HK,00131,卓能(集团),10007411,2017-06-30 00:00:00,001,6-30,2016-07-01 00:00:00,001003,加:利息支出,19930046.96
00131.HK,00131,卓能(集团),10007411,2017-06-30 00:00:00,001,6-30,2016-07-01 00:00:00,001004,减:投资收益,485167.28
00131.HK,00131,卓能(集团),10007411,2017-06-30 00:00:00,001,6-30,2016-07-01 00:00:00,001007,减:重估盈余,68102210.72
00131.HK,00131,卓能(集团),10007411,2017-06-30 00:00:00,001,6-30,2016-07-01 00:00:00,001008,减:出售资产之溢利,1916367.36
00131.HK,00131,卓能(集团),10007411,2017-06-30 00:00:00,001,6-30,2016-07-01 00:00:00,001009,加:折旧及摊销,1608255.76
00131.HK,00131,卓能(集团),10007411,2017-06-30 00:00:00,001,6-30,2016-07-01 00:00:00,001010,减:汇兑收益,-14362340.16
00131.HK,00131,卓能(集团),10007411,2017-06-30 00:00:00,001,6-30,2016-07-01 00:00:00,001997,加:经营调整其他项目,88989573.44
00131.HK,00131,卓能(集团),10007411,2017-06-30 00:00:00,001,6-30,2016-07-01 00:00:00,001999,营运资金变动前经营溢利,1082258919.44
00131.HK,00131,卓能(集团),10007411,2017-06-30 00:00:00,001,6-30,2016-07-01 00:00:00,002002,应收帐款减少,47240017.68
00131.HK,00131,卓能(集团),10007411,2017-06-30 00:00:00,001,6-30,2016-07-01 00:00:00,002006,营运资本变动其他项目,9797080.96
00131.HK,00131,卓能(集团),10007411,2017-06-30 00:00:00,001,6-30,2016-07-01 00:00:00,002008,预收账款、按金及其他应付款增加(减少),-1183554730.56
00131.HK,00131,卓能(集团),10007411,2017-06-30 00:00:00,001,6-30,2016-07-01 00:00:00,002011,发展中物业(增加)减少,196804331.68
00131.HK,00131,卓能(集团),10007411,2017-06-30 00:00:00,001,6-30,2016-07-01 00:00:00,002999,经营产生现金,152545619.2
00131.HK,00131,卓能(集团),10007411,2017-06-30 00:00:00,001,6-30,2016-07-01 00:00:00,003002,已付利息(经营),27193669.44
00131.HK,00131,卓能(集团),10007411,2017-06-30 00:00:00,001,6-30,2016-07-01 00:00:00,003003,已付税项,251215104.4
00131.HK,00131,卓能(集团),10007411,2017-06-30 00:00:00,001,6-30,2016-07-01 00:00:00,003999,经营业务现金净额,-125863154.64
00131.HK,00131,卓能(集团),10007411,2017-06-30 00:00:00,001,6-30,2016-07-01 00:00:00,005001,已收利息(投资),8459616.24
00131.HK,00131,卓能(集团),10007411,2017-06-30 00:00:00,001,6-30,2016-07-01 00:00:00,005002,已收股息(投资),433092.08
00131.HK,00131,卓能(集团),10007411,2017-06-30 00:00:00,001,6-30,2016-07-01 00:00:00,005003,存款减少(增加),-599732.72
00131.HK,00131,卓能(集团),10007411,2017-06-30 00:00:00,001,6-30,2016-07-01 00:00:00,005005,购建固定资产,329809.6
00131.HK,00131,卓能(集团),10007411,2017-06-30 00:00:00,001,6-30,2016-07-01 00:00:00,005007,购建无形资产及其他资产,59708556.4
00131.HK,00131,卓能(集团),10007411,2017-06-30 00:00:00,001,6-30,2016-07-01 00:00:00,005010,收回投资所得现金,8970821.12
00131.HK,00131,卓能(集团),10007411,2017-06-30 00:00:00,001,6-30,2016-07-01 00:00:00,005011,投资支付现金,97542925.04
00131.HK,00131,卓能(集团),10007411,2017-06-30 00:00:00,001,6-30,2016-07-01 00:00:00,005999,投资业务现金净额,-140317494.32
00131.HK,00131,卓能(集团),10007411,2017-06-30 00:00:00,001,6-30,2016-07-01 00:00:00,006999,融资前现金净额,-266180648.96
00131.HK,00131,卓能(集团),10007411,2017-06-30 00:00:00,001,6-30,2016-07-01 00:00:00,007001,新增借款,375819775.04
00131.HK,00131,卓能(集团),10007411,2017-06-30 00:00:00,001,6-30,2016-07-01 00:00:00,007002,偿还借款,268024978.96
00131.HK,00131,卓能(集团),10007411,2017-06-30 00:00:00,001,6-30,2016-07-01 00:00:00,007004,已付股息(融资),9602666.88
00131.HK,00131,卓能(集团),10007411,2017-06-30 00:00:00,001,6-30,2016-07-01 00:00:00,007006,发行股份,52077803.76
00131.HK,00131,卓能(集团),10007411,2017-06-30 00:00:00,001,6-30,2016-07-01 00:00:00,007999,融资业务现金净额,150269932.96
00131.HK,00131,卓能(集团),10007411,2017-06-30 00:00:00,001,6-30,2016-07-01 00:00:00,010999,现金净额,-115910716.0
00131.HK,00131,卓能(集团),10007411,2017-06-30 00:00:00,001,6-30,2016-07-01 00:00:00,011001,期初现金,861171054.08
00131.HK,00131,卓能(集团),10007411,2017-06-30 00:00:00,001,6-30,2016-07-01 00:00:00,011997,期间变动其他项目,15260637.36
00131.HK,00131,卓能(集团),10007411,2017-06-30 00:00:00,001,6-30,2016-07-01 00:00:00,011999,期末现金,760520975.44
00131.HK,00131,卓能(集团),10007411,2017-06-30 00:00:00,001,6-30,2016-07-01 00:00:00,013999,非运算项目,1521041950.88
00131.HK,00131,卓能(集团),10007411,2016-06-30 00:00:00,001,6-30,2015-07-01 00:00:00,001001,除税前溢利(业务利润),989036944.05
00131.HK,00131,卓能(集团),10007411,2016-06-30 00:00:00,001,6-30,2015-07-01 00:00:00,001002,减:利息收入,1386274.74
00131.HK,00131,卓能(集团),10007411,2016-06-30 00:00:00,001,6-30,2015-07-01 00:00:00,001003,加:利息支出,24846111.57
00131.HK,00131,卓能(集团),10007411,2016-06-30 00:00:00,001,6-30,2015-07-01 00:00:00,001004,减:投资收益,637583.82
00131.HK,00131,卓能(集团),10007411,2016-06-30 00:00:00,001,6-30,2015-07-01 00:00:00,001007,减:重估盈余,1032539647.05
00131.HK,00131,卓能(集团),10007411,2016-06-30 00:00:00,001,6-30,2015-07-01 00:00:00,001008,减:出售资产之溢利,7562120.16
00131.HK,00131,卓能(集团),10007411,2016-06-30 00:00:00,001,6-30,2015-07-01 00:00:00,001009,加:折旧及摊销,1476015.09
00131.HK,00131,卓能(集团),10007411,2016-06-30 00:00:00,001,6-30,2015-07-01 00:00:00,001010,减:汇兑收益,-4963068.69
00131.HK,00131,卓能(集团),10007411,2016-06-30 00:00:00,001,6-30,2015-07-01 00:00:00,001997,加:经营调整其他项目,-263238.36
00131.HK,00131,卓能(集团),10007411,2016-06-30 00:00:00,001,6-30,2015-07-01 00:00:00,001999,营运资金变动前经营溢利,-22066724.73
00131.HK,00131,卓能(集团),10007411,2016-06-30 00:00:00,001,6-30,2015-07-01 00:00:00,002002,应收帐款减少,47376067.44
00131.HK,00131,卓能(集团),10007411,2016-06-30 00:00:00,001,6-30,2015-07-01 00:00:00,002004,应付帐款及应计费用增加(减少),1161518751.42
00131.HK,00131,卓能(集团),10007411,2016-06-30 00:00:00,001,6-30,2015-07-01 00:00:00,002006,营运资本变动其他项目,-1764893.55
00131.HK,00131,卓能(集团),10007411,2016-06-30 00:00:00,001,6-30,2015-07-01 00:00:00,002011,发展中物业(增加)减少,-50028963.12
00131.HK,00131,卓能(集团),10007411,2016-06-30 00:00:00,001,6-30,2015-07-01 00:00:00,002999,经营产生现金,1135034237.46
00131.HK,00131,卓能(集团),10007411,2016-06-30 00:00:00,001,6-30,2015-07-01 00:00:00,003002,已付利息(经营),61014891.3
00131.HK,00131,卓能(集团),10007411,2016-06-30 00:00:00,001,6-30,2015-07-01 00:00:00,003003,已付税项,66664.26
00131.HK,00131,卓能(集团),10007411,2016-06-30 00:00:00,001,6-30,2015-07-01 00:00:00,003999,经营业务现金净额,1073952681.9
00131.HK,00131,卓能(集团),10007411,2016-06-30 00:00:00,001,6-30,2015-07-01 00:00:00,005001,已收利息(投资),773476.35
00131.HK,00131,卓能(集团),10007411,2016-06-30 00:00:00,001,6-30,2015-07-01 00:00:00,005002,已收股息(投资),535023.42
00131.HK,00131,卓能(集团),10007411,2016-06-30 00:00:00,001,6-30,2015-07-01 00:00:00,005003,存款减少(增加),13143969.93
00131.HK,00131,卓能(集团),10007411,2016-06-30 00:00:00,001,6-30,2015-07-01 00:00:00,005005,购建固定资产,1609343.61
00131.HK,00131,卓能(集团),10007411,2016-06-30 00:00:00,001,6-30,2015-07-01 00:00:00,005006,处置无形资产及其他资产,668662185.21
00131.HK,00131,卓能(集团),10007411,2016-06-30 00:00:00,001,6-30,2015-07-01 00:00:00,005007,购建无形资产及其他资产,44429165.28
00131.HK,00131,卓能(集团),10007411,2016-06-30 00:00:00,001,6-30,2015-07-01 00:00:00,005011,投资支付现金,24227330.49
00131.HK,00131,卓能(集团),10007411,2016-06-30 00:00:00,001,6-30,2015-07-01 00:00:00,005999,投资业务现金净额,612848815.53
00131.HK,00131,卓能(集团),10007411,2016-06-30 00:00:00,001,6-30,2015-07-01 00:00:00,006999,融资前现金净额,1686801497.43
00131.HK,00131,卓能(集团),10007411,2016-06-30 00:00:00,001,6-30,2015-07-01 00:00:00,007001,新增借款,1060383086.31
00131.HK,00131,卓能(集团),10007411,2016-06-30 00:00:00,001,6-30,2015-07-01 00:00:00,007002,偿还借款,1968658843.38
00131.HK,00131,卓能(集团),10007411,2016-06-30 00:00:00,001,6-30,2015-07-01 00:00:00,007004,已付股息(融资),1991381.1
00131.HK,00131,卓能(集团),10007411,2016-06-30 00:00:00,001,6-30,2015-07-01 00:00:00,007006,发行股份,33497935.98
00131.HK,00131,卓能(集团),10007411,2016-06-30 00:00:00,001,6-30,2015-07-01 00:00:00,007999,融资业务现金净额,-876769202.19
00131.HK,00131,卓能(集团),10007411,2016-06-30 00:00:00,001,6-30,2015-07-01 00:00:00,010999,现金净额,810032295.24
00131.HK,00131,卓能(集团),10007411,2016-06-30 00:00:00,001,6-30,2015-07-01 00:00:00,011001,期初现金,37367027.07
00131.HK,00131,卓能(集团),10007411,2016-06-30 00:00:00,001,6-30,2015-07-01 00:00:00,011997,期间变动其他项目,624763.77
00131.HK,00131,卓能(集团),10007411,2016-06-30 00:00:00,001,6-30,2015-07-01 00:00:00,011999,期末现金,848024086.08
00131.HK,00131,卓能(集团),10007411,2016-06-30 00:00:00,001,6-30,2015-07-01 00:00:00,013999,非运算项目,1696048172.16
00131.HK,00131,卓能(集团),10007411,2015-06-30 00:00:00,001,6-30,2014-07-01 00:00:00,001001,除税前溢利(业务利润),203024490.06
00131.HK,00131,卓能(集团),10007411,2015-06-30 00:00:00,001,6-30,2014-07-01 00:00:00,001002,减:利息收入,114348.45
00131.HK,00131,卓能(集团),10007411,2015-06-30 00:00:00,001,6-30,2014-07-01 00:00:00,001003,加:利息支出,23896460.22
00131.HK,00131,卓能(集团),10007411,2015-06-30 00:00:00,001,6-30,2014-07-01 00:00:00,001004,减:投资收益,688456.53
00131.HK,00131,卓能(集团),10007411,2015-06-30 00:00:00,001,6-30,2014-07-01 00:00:00,001006,加:减值及拨备,43373.55
00131.HK,00131,卓能(集团),10007411,2015-06-30 00:00:00,001,6-30,2014-07-01 00:00:00,001007,减:重估盈余,227279767.83
00131.HK,00131,卓能(集团),10007411,2015-06-30 00:00:00,001,6-30,2014-07-01 00:00:00,001008,减:出售资产之溢利,10052411.67
00131.HK,00131,卓能(集团),10007411,2015-06-30 00:00:00,001,6-30,2014-07-01 00:00:00,001009,加:折旧及摊销,2848459.32
00131.HK,00131,卓能(集团),10007411,2015-06-30 00:00:00,001,6-30,2014-07-01 00:00:00,001010,减:汇兑收益,-16265081.25
00131.HK,00131,卓能(集团),10007411,2015-06-30 00:00:00,001,6-30,2014-07-01 00:00:00,001997,加:经营调整其他项目,60722.97
00131.HK,00131,卓能(集团),10007411,2015-06-30 00:00:00,001,6-30,2014-07-01 00:00:00,001999,营运资金变动前经营溢利,8003602.89
00131.HK,00131,卓能(集团),10007411,2015-06-30 00:00:00,001,6-30,2014-07-01 00:00:00,002002,应收帐款减少,1031501.88
00131.HK,00131,卓能(集团),10007411,2015-06-30 00:00:00,001,6-30,2014-07-01 00:00:00,002006,营运资本变动其他项目,16731149.76
00131.HK,00131,卓能(集团),10007411,2015-06-30 00:00:00,001,6-30,2014-07-01 00:00:00,002011,发展中物业(增加)减少,-121277966.07
00131.HK,00131,卓能(集团),10007411,2015-06-30 00:00:00,001,6-30,2014-07-01 00:00:00,002999,经营产生现金,-95511711.54
00131.HK,00131,卓能(集团),10007411,2015-06-30 00:00:00,001,6-30,2014-07-01 00:00:00,003002,已付利息(经营),65240128.08
00131.HK,00131,卓能(集团),10007411,2015-06-30 00:00:00,001,6-30,2014-07-01 00:00:00,003999,经营业务现金净额,-160751839.62
00131.HK,00131,卓能(集团),10007411,2015-06-30 00:00:00,001,6-30,2014-07-01 00:00:00,005001,已收利息(投资),114348.45
00131.HK,00131,卓能(集团),10007411,2015-06-30 00:00:00,001,6-30,2014-07-01 00:00:00,005002,已收股息(投资),688456.53
00131.HK,00131,卓能(集团),10007411,2015-06-30 00:00:00,001,6-30,2014-07-01 00:00:00,005003,存款减少(增加),-2851613.76
00131.HK,00131,卓能(集团),10007411,2015-06-30 00:00:00,001,6-30,2014-07-01 00:00:00,005005,购建固定资产,2134767.27
00131.HK,00131,卓能(集团),10007411,2015-06-30 00:00:00,001,6-30,2014-07-01 00:00:00,005007,购建无形资产及其他资产,57845332.11
00131.HK,00131,卓能(集团),10007411,2015-06-30 00:00:00,001,6-30,2014-07-01 00:00:00,005010,收回投资所得现金,1238117.7
00131.HK,00131,卓能(集团),10007411,2015-06-30 00:00:00,001,6-30,2014-07-01 00:00:00,005997,投资业务其他项目,-29016904.95
00131.HK,00131,卓能(集团),10007411,2015-06-30 00:00:00,001,6-30,2014-07-01 00:00:00,005999,投资业务现金净额,-89807695.41
00131.HK,00131,卓能(集团),10007411,2015-06-30 00:00:00,001,6-30,2014-07-01 00:00:00,006999,融资前现金净额,-250559535.03
00131.HK,00131,卓能(集团),10007411,2015-06-30 00:00:00,001,6-30,2014-07-01 00:00:00,007001,新增借款,897922386.54
00131.HK,00131,卓能(集团),10007411,2015-06-30 00:00:00,001,6-30,2014-07-01 00:00:00,007002,偿还借款,693912922.59
00131.HK,00131,卓能(集团),10007411,2015-06-30 00:00:00,001,6-30,2014-07-01 00:00:00,007004,已付股息(融资),1730998.95
00131.HK,00131,卓能(集团),10007411,2015-06-30 00:00:00,001,6-30,2014-07-01 00:00:00,007006,发行股份,4059764.28
00131.HK,00131,卓能(集团),10007411,2015-06-30 00:00:00,001,6-30,2014-07-01 00:00:00,007999,融资业务现金净额,206338229.28
00131.HK,00131,卓能(集团),10007411,2015-06-30 00:00:00,001,6-30,2014-07-01 00:00:00,010999,现金净额,-44221305.75
00131.HK,00131,卓能(集团),10007411,2015-06-30 00:00:00,001,6-30,2014-07-01 00:00:00,011001,期初现金,78591295.38
00131.HK,00131,卓能(集团),10007411,2015-06-30 00:00:00,001,6-30,2014-07-01 00:00:00,011997,期间变动其他项目,108828.18
00131.HK,00131,卓能(集团),10007411,2015-06-30 00:00:00,001,6-30,2014-07-01 00:00:00,011999,期末现金,34478817.81
00131.HK,00131,卓能(集团),10007411,2015-06-30 00:00:00,001,6-30,2014-07-01 00:00:00,013999,非运算项目,68957635.62
00131.HK,00131,卓能(集团),10007411,2014-06-30 00:00:00,001,6-30,2013-07-01 00:00:00,001001,除税前溢利(业务利润),313296300.0
00131.HK,00131,卓能(集团),10007411,2014-06-30 00:00:00,001,6-30,2013-07-01 00:00:00,001002,减:利息收入,972343.75
00131.HK,00131,卓能(集团),10007411,2014-06-30 00:00:00,001,6-30,2013-07-01 00:00:00,001003,加:利息支出,13660437.5
00131.HK,00131,卓能(集团),10007411,2014-06-30 00:00:00,001,6-30,2013-07-01 00:00:00,001004,减:投资收益,1310481.25
00131.HK,00131,卓能(集团),10007411,2014-06-30 00:00:00,001,6-30,2013-07-01 00:00:00,001007,减:重估盈余,322530787.5
00131.HK,00131,卓能(集团),10007411,2014-06-30 00:00:00,001,6-30,2013-07-01 00:00:00,001008,减:出售资产之溢利,839787.5
00131.HK,00131,卓能(集团),10007411,2014-06-30 00:00:00,001,6-30,2013-07-01 00:00:00,001009,加:折旧及摊销,2275681.25
00131.HK,00131,卓能(集团),10007411,2014-06-30 00:00:00,001,6-30,2013-07-01 00:00:00,001010,减:汇兑收益,-1256506.25
00131.HK,00131,卓能(集团),10007411,2014-06-30 00:00:00,001,6-30,2013-07-01 00:00:00,001997,加:经营调整其他项目,-351631.25
00131.HK,00131,卓能(集团),10007411,2014-06-30 00:00:00,001,6-30,2013-07-01 00:00:00,001999,营运资金变动前经营溢利,4483893.75
00131.HK,00131,卓能(集团),10007411,2014-06-30 00:00:00,001,6-30,2013-07-01 00:00:00,002002,应收帐款减少,-4668043.75
00131.HK,00131,卓能(集团),10007411,2014-06-30 00:00:00,001,6-30,2013-07-01 00:00:00,002004,应付帐款及应计费用增加(减少),457993.75
00131.HK,00131,卓能(集团),10007411,2014-06-30 00:00:00,001,6-30,2013-07-01 00:00:00,002006,营运资本变动其他项目,-255587.5
00131.HK,00131,卓能(集团),10007411,2014-06-30 00:00:00,001,6-30,2013-07-01 00:00:00,002011,发展中物业(增加)减少,-280522362.5
00131.HK,00131,卓能(集团),10007411,2014-06-30 00:00:00,001,6-30,2013-07-01 00:00:00,002999,经营产生现金,-280504106.25
00131.HK,00131,卓能(集团),10007411,2014-06-30 00:00:00,001,6-30,2013-07-01 00:00:00,003002,已付利息(经营),59093100.0
00131.HK,00131,卓能(集团),10007411,2014-06-30 00:00:00,001,6-30,2013-07-01 00:00:00,003997,经营业务其他项目,929481.25
00131.HK,00131,卓能(集团),10007411,2014-06-30 00:00:00,001,6-30,2013-07-01 00:00:00,003999,经营业务现金净额,-338667725.0
00131.HK,00131,卓能(集团),10007411,2014-06-30 00:00:00,001,6-30,2013-07-01 00:00:00,005001,已收利息(投资),526256.25
00131.HK,00131,卓能(集团),10007411,2014-06-30 00:00:00,001,6-30,2013-07-01 00:00:00,005002,已收股息(投资),1310481.25
00131.HK,00131,卓能(集团),10007411,2014-06-30 00:00:00,001,6-30,2013-07-01 00:00:00,005003,存款减少(增加),-1681162.5
00131.HK,00131,卓能(集团),10007411,2014-06-30 00:00:00,001,6-30,2013-07-01 00:00:00,005005,购建固定资产,722312.5
00131.HK,00131,卓能(集团),10007411,2014-06-30 00:00:00,001,6-30,2013-07-01 00:00:00,005007,购建无形资产及其他资产,25933400.0
00131.HK,00131,卓能(集团),10007411,2014-06-30 00:00:00,001,6-30,2013-07-01 00:00:00,005010,收回投资所得现金,3248818.75
00131.HK,00131,卓能(集团),10007411,2014-06-30 00:00:00,001,6-30,2013-07-01 00:00:00,005997,投资业务其他项目,42862.5
00131.HK,00131,卓能(集团),10007411,2014-06-30 00:00:00,001,6-30,2013-07-01 00:00:00,005999,投资业务现金净额,-23208456.25
00131.HK,00131,卓能(集团),10007411,2014-06-30 00:00:00,001,6-30,2013-07-01 00:00:00,006999,融资前现金净额,-361876181.25
00131.HK,00131,卓能(集团),10007411,2014-06-30 00:00:00,001,6-30,2013-07-01 00:00:00,007001,新增借款,806984193.75
00131.HK,00131,卓能(集团),10007411,2014-06-30 00:00:00,001,6-30,2013-07-01 00:00:00,007002,偿还借款,438127775.0
00131.HK,00131,卓能(集团),10007411,2014-06-30 00:00:00,001,6-30,2013-07-01 00:00:00,007004,已付股息(融资),1668462.5
00131.HK,00131,卓能(集团),10007411,2014-06-30 00:00:00,001,6-30,2013-07-01 00:00:00,007006,发行股份,28276550.0
00131.HK,00131,卓能(集团),10007411,2014-06-30 00:00:00,001,6-30,2013-07-01 00:00:00,007997,融资业务其他项目,242093.75
00131.HK,00131,卓能(集团),10007411,2014-06-30 00:00:00,001,6-30,2013-07-01 00:00:00,007999,融资业务现金净额,395706600.0
00131.HK,00131,卓能(集团),10007411,2014-06-30 00:00:00,001,6-30,2013-07-01 00:00:00,010999,现金净额,33830418.75
00131.HK,00131,卓能(集团),10007411,2014-06-30 00:00:00,001,6-30,2013-07-01 00:00:00,011001,期初现金,44917518.75
00131.HK,00131,卓能(集团),10007411,2014-06-30 00:00:00,001,6-30,2013-07-01 00:00:00,011997,期间变动其他项目,355600.0
00131.HK,00131,卓能(集团),10007411,2014-06-30 00:00:00,001,6-30,2013-07-01 00:00:00,011999,期末现金,79103537.5
00131.HK,00131,卓能(集团),10007411,2014-06-30 00:00:00,001,6-30,2013-07-01 00:00:00,013999,非运算项目,158207075.0
00131.HK,00131,卓能(集团),10007411,2013-06-30 00:00:00,001,6-30,2012-07-01 00:00:00,001001,除税前溢利(业务利润),130162642.4
00131.HK,00131,卓能(集团),10007411,2013-06-30 00:00:00,001,6-30,2012-07-01 00:00:00,001002,减:利息收入,539264.35
00131.HK,00131,卓能(集团),10007411,2013-06-30 00:00:00,001,6-30,2012-07-01 00:00:00,001003,加:利息支出,10254784.7
00131.HK,00131,卓能(集团),10007411,2013-06-30 00:00:00,001,6-30,2012-07-01 00:00:00,001004,减:投资收益,1417062.45
00131.HK,00131,卓能(集团),10007411,2013-06-30 00:00:00,001,6-30,2012-07-01 00:00:00,001006,加:减值及拨备,-11151.7
00131.HK,00131,卓能(集团),10007411,2013-06-30 00:00:00,001,6-30,2012-07-01 00:00:00,001007,减:重估盈余,128353677.35
00131.HK,00131,卓能(集团),10007411,2013-06-30 00:00:00,001,6-30,2012-07-01 00:00:00,001008,减:出售资产之溢利,4717965.65
00131.HK,00131,卓能(集团),10007411,2013-06-30 00:00:00,001,6-30,2012-07-01 00:00:00,001009,加:折旧及摊销,2074216.2
00131.HK,00131,卓能(集团),10007411,2013-06-30 00:00:00,001,6-30,2012-07-01 00:00:00,001010,减:汇兑收益,-8095337.65
00131.HK,00131,卓能(集团),10007411,2013-06-30 00:00:00,001,6-30,2012-07-01 00:00:00,001999,营运资金变动前经营溢利,15547859.45
00131.HK,00131,卓能(集团),10007411,2013-06-30 00:00:00,001,6-30,2012-07-01 00:00:00,002002,应收帐款减少,-1448924.45
00131.HK,00131,卓能(集团),10007411,2013-06-30 00:00:00,001,6-30,2012-07-01 00:00:00,002004,应付帐款及应计费用增加(减少),1811354.7
00131.HK,00131,卓能(集团),10007411,2013-06-30 00:00:00,001,6-30,2012-07-01 00:00:00,002006,营运资本变动其他项目,29959042.05
00131.HK,00131,卓能(集团),10007411,2013-06-30 00:00:00,001,6-30,2012-07-01 00:00:00,002011,发展中物业(增加)减少,-271041271.95
00131.HK,00131,卓能(集团),10007411,2013-06-30 00:00:00,001,6-30,2012-07-01 00:00:00,002999,经营产生现金,-225171940.2
00131.HK,00131,卓能(集团),10007411,2013-06-30 00:00:00,001,6-30,2012-07-01 00:00:00,003002,已付利息(经营),41398296.6
00131.HK,00131,卓能(集团),10007411,2013-06-30 00:00:00,001,6-30,2012-07-01 00:00:00,003003,已付税项,1765951.35
00131.HK,00131,卓能(集团),10007411,2013-06-30 00:00:00,001,6-30,2012-07-01 00:00:00,003999,经营业务现金净额,-268336188.15
00131.HK,00131,卓能(集团),10007411,2013-06-30 00:00:00,001,6-30,2012-07-01 00:00:00,005001,已收利息(投资),539264.35
00131.HK,00131,卓能(集团),10007411,2013-06-30 00:00:00,001,6-30,2012-07-01 00:00:00,005002,已收股息(投资),1417062.45
00131.HK,00131,卓能(集团),10007411,2013-06-30 00:00:00,001,6-30,2012-07-01 00:00:00,005003,存款减少(增加),-2490015.3
00131.HK,00131,卓能(集团),10007411,2013-06-30 00:00:00,001,6-30,2012-07-01 00:00:00,005004,处置固定资产,8762.05
00131.HK,00131,卓能(集团),10007411,2013-06-30 00:00:00,001,6-30,2012-07-01 00:00:00,005005,购建固定资产,407037.05
00131.HK,00131,卓能(集团),10007411,2013-06-30 00:00:00,001,6-30,2012-07-01 00:00:00,005007,购建无形资产及其他资产,54367723.7
00131.HK,00131,卓能(集团),10007411,2013-06-30 00:00:00,001,6-30,2012-07-01 00:00:00,005997,投资业务其他项目,28675.8
00131.HK,00131,卓能(集团),10007411,2013-06-30 00:00:00,001,6-30,2012-07-01 00:00:00,005999,投资业务现金净额,-55271011.4
00131.HK,00131,卓能(集团),10007411,2013-06-30 00:00:00,001,6-30,2012-07-01 00:00:00,007001,新增借款,1362275741.0
00131.HK,00131,卓能(集团),10007411,2013-06-30 00:00:00,001,6-30,2012-07-01 00:00:00,007002,偿还借款,1180121483.55
00131.HK,00131,卓能(集团),10007411,2013-06-30 00:00:00,001,6-30,2012-07-01 00:00:00,007004,已付股息(融资),2367346.6
00131.HK,00131,卓能(集团),10007411,2013-06-30 00:00:00,001,6-30,2012-07-01 00:00:00,007006,发行股份,26947286.5
00131.HK,00131,卓能(集团),10007411,2013-06-30 00:00:00,001,6-30,2012-07-01 00:00:00,007997,融资业务其他项目,5575.85
00131.HK,00131,卓能(集团),10007411,2013-06-30 00:00:00,001,6-30,2012-07-01 00:00:00,007999,融资业务现金净额,206739773.2
00131.HK,00131,卓能(集团),10007411,2013-06-30 00:00:00,001,6-30,2012-07-01 00:00:00,010999,现金净额,-116867426.35
00131.HK,00131,卓能(集团),10007411,2013-06-30 00:00:00,001,6-30,2012-07-01 00:00:00,011001,期初现金,158367681.35
00131.HK,00131,卓能(集团),10007411,2013-06-30 00:00:00,001,6-30,2012-07-01 00:00:00,011997,期间变动其他项目,3575712.95
00131.HK,00131,卓能(集团),10007411,2013-06-30 00:00:00,001,6-30,2012-07-01 00:00:00,011999,期末现金,45075967.95
00131.HK,00131,卓能(集团),10007411,2012-06-30 00:00:00,001,6-30,2011-07-01 00:00:00,001001,除税前溢利(业务利润),131685747.48
00131.HK,00131,卓能(集团),10007411,2012-06-30 00:00:00,001,6-30,2011-07-01 00:00:00,001002,减:利息收入,882883.26
00131.HK,00131,卓能(集团),10007411,2012-06-30 00:00:00,001,6-30,2011-07-01 00:00:00,001003,加:利息支出,6458172.84
00131.HK,00131,卓能(集团),10007411,2012-06-30 00:00:00,001,6-30,2011-07-01 00:00:00,001004,减:投资收益,2589138.72
00131.HK,00131,卓能(集团),10007411,2012-06-30 00:00:00,001,6-30,2011-07-01 00:00:00,001006,加:减值及拨备,-11413.08
00131.HK,00131,卓能(集团),10007411,2012-06-30 00:00:00,001,6-30,2011-07-01 00:00:00,001007,减:重估盈余,146210522.22
00131.HK,00131,卓能(集团),10007411,2012-06-30 00:00:00,001,6-30,2011-07-01 00:00:00,001008,减:出售资产之溢利,-449186.22
00131.HK,00131,卓能(集团),10007411,2012-06-30 00:00:00,001,6-30,2011-07-01 00:00:00,001009,加:折旧及摊销,3132075.24
00131.HK,00131,卓能(集团),10007411,2012-06-30 00:00:00,001,6-30,2011-07-01 00:00:00,001010,减:汇兑收益,-15988094.64
00131.HK,00131,卓能(集团),10007411,2012-06-30 00:00:00,001,6-30,2011-07-01 00:00:00,001999,营运资金变动前经营溢利,8019319.14
00131.HK,00131,卓能(集团),10007411,2012-06-30 00:00:00,001,6-30,2011-07-01 00:00:00,002002,应收帐款减少,-233152.92
00131.HK,00131,卓能(集团),10007411,2012-06-30 00:00:00,001,6-30,2011-07-01 00:00:00,002004,应付帐款及应计费用增加(减少),-33713423.1
00131.HK,00131,卓能(集团),10007411,2012-06-30 00:00:00,001,6-30,2011-07-01 00:00:00,002006,营运资本变动其他项目,10164978.18
00131.HK,00131,卓能(集团),10007411,2012-06-30 00:00:00,001,6-30,2011-07-01 00:00:00,002011,发展中物业(增加)减少,-148560801.48
00131.HK,00131,卓能(集团),10007411,2012-06-30 00:00:00,001,6-30,2011-07-01 00:00:00,002999,经营产生现金,-164323080.18
00131.HK,00131,卓能(集团),10007411,2012-06-30 00:00:00,001,6-30,2011-07-01 00:00:00,003002,已付利息(经营),5438332.62
00131.HK,00131,卓能(集团),10007411,2012-06-30 00:00:00,001,6-30,2011-07-01 00:00:00,003003,已付税项,2663323.74
00131.HK,00131,卓能(集团),10007411,2012-06-30 00:00:00,001,6-30,2011-07-01 00:00:00,003999,经营业务现金净额,-172424736.54
00131.HK,00131,卓能(集团),10007411,2012-06-30 00:00:00,001,6-30,2011-07-01 00:00:00,005001,已收利息(投资),882883.26
00131.HK,00131,卓能(集团),10007411,2012-06-30 00:00:00,001,6-30,2011-07-01 00:00:00,005002,已收股息(投资),2572834.32
00131.HK,00131,卓能(集团),10007411,2012-06-30 00:00:00,001,6-30,2011-07-01 00:00:00,005003,存款减少(增加),2140767.72
00131.HK,00131,卓能(集团),10007411,2012-06-30 00:00:00,001,6-30,2011-07-01 00:00:00,005005,购建固定资产,335870.64
00131.HK,00131,卓能(集团),10007411,2012-06-30 00:00:00,001,6-30,2011-07-01 00:00:00,005007,购建无形资产及其他资产,22531050.36
00131.HK,00131,卓能(集团),10007411,2012-06-30 00:00:00,001,6-30,2011-07-01 00:00:00,005011,投资支付现金,2590769.16
00131.HK,00131,卓能(集团),10007411,2012-06-30 00:00:00,001,6-30,2011-07-01 00:00:00,005997,投资业务其他项目,43206.66
00131.HK,00131,卓能(集团),10007411,2012-06-30 00:00:00,001,6-30,2011-07-01 00:00:00,005999,投资业务现金净额,-19817998.2
00131.HK,00131,卓能(集团),10007411,2012-06-30 00:00:00,001,6-30,2011-07-01 00:00:00,007001,新增借款,817299626.22
00131.HK,00131,卓能(集团),10007411,2012-06-30 00:00:00,001,6-30,2011-07-01 00:00:00,007002,偿还借款,537828351.48
00131.HK,00131,卓能(集团),10007411,2012-06-30 00:00:00,001,6-30,2011-07-01 00:00:00,007004,已付股息(融资),2580986.52
00131.HK,00131,卓能(集团),10007411,2012-06-30 00:00:00,001,6-30,2011-07-01 00:00:00,007006,发行股份,6778554.3
00131.HK,00131,卓能(集团),10007411,2012-06-30 00:00:00,001,6-30,2011-07-01 00:00:00,007999,融资业务现金净额,283668842.52
00131.HK,00131,卓能(集团),10007411,2012-06-30 00:00:00,001,6-30,2011-07-01 00:00:00,010999,现金净额,91426107.78
00131.HK,00131,卓能(集团),10007411,2012-06-30 00:00:00,001,6-30,2011-07-01 00:00:00,011001,期初现金,69290439.12
00131.HK,00131,卓能(集团),10007411,2012-06-30 00:00:00,001,6-30,2011-07-01 00:00:00,011997,期间变动其他项目,1363047.84
00131.HK,00131,卓能(集团),10007411,2012-06-30 00:00:00,001,6-30,2011-07-01 00:00:00,011999,期末现金,162079594.74
00131.HK,00131,卓能(集团),10007411,2011-06-30 00:00:00,001,6-30,2010-07-01 00:00:00,001001,除税前溢利(业务利润),245631441.3
00131.HK,00131,卓能(集团),10007411,2011-06-30 00:00:00,001,6-30,2010-07-01 00:00:00,001002,减:利息收入,-9555313.8
00131.HK,00131,卓能(集团),10007411,2011-06-30 00:00:00,001,6-30,2010-07-01 00:00:00,001004,减:投资收益,2830834.48
00131.HK,00131,卓能(集团),10007411,2011-06-30 00:00:00,001,6-30,2010-07-01 00:00:00,001006,加:减值及拨备,-14137.54
00131.HK,00131,卓能(集团),10007411,2011-06-30 00:00:00,001,6-30,2010-07-01 00:00:00,001007,减:重估盈余,225645949.46
00131.HK,00131,卓能(集团),10007411,2011-06-30 00:00:00,001,6-30,2010-07-01 00:00:00,001008,减:出售资产之溢利,16085194.04
00131.HK,00131,卓能(集团),10007411,2011-06-30 00:00:00,001,6-30,2010-07-01 00:00:00,001009,加:折旧及摊销,1585067.72
00131.HK,00131,卓能(集团),10007411,2011-06-30 00:00:00,001,6-30,2010-07-01 00:00:00,001010,减:汇兑收益,13913834.22
00131.HK,00131,卓能(集团),10007411,2011-06-30 00:00:00,001,6-30,2010-07-01 00:00:00,001999,营运资金变动前经营溢利,-1718126.92
00131.HK,00131,卓能(集团),10007411,2011-06-30 00:00:00,001,6-30,2010-07-01 00:00:00,002002,应收帐款减少,-1172584.2
00131.HK,00131,卓能(集团),10007411,2011-06-30 00:00:00,001,6-30,2010-07-01 00:00:00,002003,应收关联方款项(增加)减少,1107717.84
00131.HK,00131,卓能(集团),10007411,2011-06-30 00:00:00,001,6-30,2010-07-01 00:00:00,002004,应付帐款及应计费用增加(减少),5225068.46
00131.HK,00131,卓能(集团),10007411,2011-06-30 00:00:00,001,6-30,2010-07-01 00:00:00,002006,营运资本变动其他项目,6103259.18
00131.HK,00131,卓能(集团),10007411,2011-06-30 00:00:00,001,6-30,2010-07-01 00:00:00,002011,发展中物业(增加)减少,-20762224.92
00131.HK,00131,卓能(集团),10007411,2011-06-30 00:00:00,001,6-30,2010-07-01 00:00:00,002999,经营产生现金,-11216890.56
00131.HK,00131,卓能(集团),10007411,2011-06-30 00:00:00,001,6-30,2010-07-01 00:00:00,003002,已付利息(经营),9902930.96
00131.HK,00131,卓能(集团),10007411,2011-06-30 00:00:00,001,6-30,2010-07-01 00:00:00,003003,已付税项,2265332.88
00131.HK,00131,卓能(集团),10007411,2011-06-30 00:00:00,001,6-30,2010-07-01 00:00:00,003999,经营业务现金净额,-23385154.4
00131.HK,00131,卓能(集团),10007411,2011-06-30 00:00:00,001,6-30,2010-07-01 00:00:00,005001,已收利息(投资),347617.16
00131.HK,00131,卓能(集团),10007411,2011-06-30 00:00:00,001,6-30,2010-07-01 00:00:00,005002,已收股息(投资),2830834.48
00131.HK,00131,卓能(集团),10007411,2011-06-30 00:00:00,001,6-30,2010-07-01 00:00:00,005003,存款减少(增加),-4411744.1
00131.HK,00131,卓能(集团),10007411,2011-06-30 00:00:00,001,6-30,2010-07-01 00:00:00,005005,购建固定资产,1144309.12
00131.HK,00131,卓能(集团),10007411,2011-06-30 00:00:00,001,6-30,2010-07-01 00:00:00,005006,处置无形资产及其他资产,354492994.16
00131.HK,00131,卓能(集团),10007411,2011-06-30 00:00:00,001,6-30,2010-07-01 00:00:00,005007,购建无形资产及其他资产,60363969.32
00131.HK,00131,卓能(集团),10007411,2011-06-30 00:00:00,001,6-30,2010-07-01 00:00:00,005999,投资业务现金净额,291751423.26
00131.HK,00131,卓能(集团),10007411,2011-06-30 00:00:00,001,6-30,2010-07-01 00:00:00,007001,新增借款,321968335.96
00131.HK,00131,卓能(集团),10007411,2011-06-30 00:00:00,001,6-30,2010-07-01 00:00:00,007002,偿还借款,658733686.58
00131.HK,00131,卓能(集团),10007411,2011-06-30 00:00:00,001,6-30,2010-07-01 00:00:00,007004,已付股息(融资),2422509.06
00131.HK,00131,卓能(集团),10007411,2011-06-30 00:00:00,001,6-30,2010-07-01 00:00:00,007006,发行股份,60466258.58
00131.HK,00131,卓能(集团),10007411,2011-06-30 00:00:00,001,6-30,2010-07-01 00:00:00,007999,融资业务现金净额,-278721601.1
00131.HK,00131,卓能(集团),10007411,2011-06-30 00:00:00,001,6-30,2010-07-01 00:00:00,010999,现金净额,-10355332.24
00131.HK,00131,卓能(集团),10007411,2011-06-30 00:00:00,001,6-30,2010-07-01 00:00:00,011001,期初现金,81039705.76
00131.HK,00131,卓能(集团),10007411,2011-06-30 00:00:00,001,6-30,2010-07-01 00:00:00,011999,期末现金,70684373.52
00131.HK,00131,卓能(集团),10007411,2011-06-30 00:00:00,001,6-30,2010-07-01 00:00:00,013999,非运算项目,141368747.04
00131.HK,00131,卓能(集团),10007411,2010-06-30 00:00:00,001,6-30,2009-07-01 00:00:00,001001,除税前溢利(业务利润),248577934.21
00131.HK,00131,卓能(集团),10007411,2010-06-30 00:00:00,001,6-30,2009-07-01 00:00:00,001002,减:利息收入,-11741497.01
00131.HK,00131,卓能(集团),10007411,2010-06-30 00:00:00,001,6-30,2009-07-01 00:00:00,001004,减:投资收益,2462756.97
00131.HK,00131,卓能(集团),10007411,2010-06-30 00:00:00,001,6-30,2009-07-01 00:00:00,001006,加:减值及拨备,-63756878.37
00131.HK,00131,卓能(集团),10007411,2010-06-30 00:00:00,001,6-30,2009-07-01 00:00:00,001007,减:重估盈余,176239355.41
00131.HK,00131,卓能(集团),10007411,2010-06-30 00:00:00,001,6-30,2009-07-01 00:00:00,001008,减:出售资产之溢利,10532364.47
00131.HK,00131,卓能(集团),10007411,2010-06-30 00:00:00,001,6-30,2009-07-01 00:00:00,001009,加:折旧及摊销,3001893.99
00131.HK,00131,卓能(集团),10007411,2010-06-30 00:00:00,001,6-30,2009-07-01 00:00:00,001010,减:汇兑收益,9999334.18
00131.HK,00131,卓能(集团),10007411,2010-06-30 00:00:00,001,6-30,2009-07-01 00:00:00,001999,营运资金变动前经营溢利,330635.81
00131.HK,00131,卓能(集团),10007411,2010-06-30 00:00:00,001,6-30,2009-07-01 00:00:00,002002,应收帐款减少,7205941.4
00131.HK,00131,卓能(集团),10007411,2010-06-30 00:00:00,001,6-30,2009-07-01 00:00:00,002003,应收关联方款项(增加)减少,-261717.0
00131.HK,00131,卓能(集团),10007411,2010-06-30 00:00:00,001,6-30,2009-07-01 00:00:00,002004,应付帐款及应计费用增加(减少),17097971.61
00131.HK,00131,卓能(集团),10007411,2010-06-30 00:00:00,001,6-30,2009-07-01 00:00:00,002011,发展中物业(增加)减少,-213643076.66
00131.HK,00131,卓能(集团),10007411,2010-06-30 00:00:00,001,6-30,2009-07-01 00:00:00,002999,经营产生现金,-189270244.84
00131.HK,00131,卓能(集团),10007411,2010-06-30 00:00:00,001,6-30,2009-07-01 00:00:00,003002,已付利息(经营),12145413.58
00131.HK,00131,卓能(集团),10007411,2010-06-30 00:00:00,001,6-30,2009-07-01 00:00:00,003003,已付税项,2946933.42
00131.HK,00131,卓能(集团),10007411,2010-06-30 00:00:00,001,6-30,2009-07-01 00:00:00,003999,经营业务现金净额,-204362591.84
00131.HK,00131,卓能(集团),10007411,2010-06-30 00:00:00,001,6-30,2009-07-01 00:00:00,005001,已收利息(投资),403916.57
00131.HK,00131,卓能(集团),10007411,2010-06-30 00:00:00,001,6-30,2009-07-01 00:00:00,005002,已收股息(投资),2462756.97
00131.HK,00131,卓能(集团),10007411,2010-06-30 00:00:00,001,6-30,2009-07-01 00:00:00,005003,存款减少(增加),12621738.52
00131.HK,00131,卓能(集团),10007411,2010-06-30 00:00:00,001,6-30,2009-07-01 00:00:00,005005,购建固定资产,717976.97
00131.HK,00131,卓能(集团),10007411,2010-06-30 00:00:00,001,6-30,2009-07-01 00:00:00,005007,购建无形资产及其他资产,25472043.22
00131.HK,00131,卓能(集团),10007411,2010-06-30 00:00:00,001,6-30,2009-07-01 00:00:00,005010,收回投资所得现金,72101288.72
00131.HK,00131,卓能(集团),10007411,2010-06-30 00:00:00,001,6-30,2009-07-01 00:00:00,005011,投资支付现金,13114638.87
00131.HK,00131,卓能(集团),10007411,2010-06-30 00:00:00,001,6-30,2009-07-01 00:00:00,005997,投资业务其他项目,29661.26
00131.HK,00131,卓能(集团),10007411,2010-06-30 00:00:00,001,6-30,2009-07-01 00:00:00,005999,投资业务现金净额,48314702.98
00131.HK,00131,卓能(集团),10007411,2010-06-30 00:00:00,001,6-30,2009-07-01 00:00:00,007001,新增借款,692706448.87
00131.HK,00131,卓能(集团),10007411,2010-06-30 00:00:00,001,6-30,2009-07-01 00:00:00,007002,偿还借款,529295588.41
00131.HK,00131,卓能(集团),10007411,2010-06-30 00:00:00,001,6-30,2009-07-01 00:00:00,007004,已付股息(融资),8915825.8
00131.HK,00131,卓能(集团),10007411,2010-06-30 00:00:00,001,6-30,2009-07-01 00:00:00,007006,发行股份,71166959.03
00131.HK,00131,卓能(集团),10007411,2010-06-30 00:00:00,001,6-30,2009-07-01 00:00:00,007999,融资业务现金净额,225661993.69
00131.HK,00131,卓能(集团),10007411,2010-06-30 00:00:00,001,6-30,2009-07-01 00:00:00,010999,现金净额,69614104.83
00131.HK,00131,卓能(集团),10007411,2010-06-30 00:00:00,001,6-30,2009-07-01 00:00:00,011001,期初现金,15398555.89
00131.HK,00131,卓能(集团),10007411,2010-06-30 00:00:00,001,6-30,2009-07-01 00:00:00,011999,期末现金,85012660.72
00131.HK,00131,卓能(集团),10007411,2010-06-30 00:00:00,001,6-30,2009-07-01 00:00:00,013999,非运算项目,170025321.44
00131.HK,00131,卓能(集团),10007411,2009-06-30 00:00:00,001,6-30,2008-07-01 00:00:00,001001,除税前溢利(业务利润),-499349720.74
00131.HK,00131,卓能(集团),10007411,2009-06-30 00:00:00,001,6-30,2008-07-01 00:00:00,001002,减:利息收入,911502.02
00131.HK,00131,卓能(集团),10007411,2009-06-30 00:00:00,001,6-30,2008-07-01 00:00:00,001003,加:利息支出,13885860.56
00131.HK,00131,卓能(集团),10007411,2009-06-30 00:00:00,001,6-30,2008-07-01 00:00:00,001004,减:投资收益,3543750.6
00131.HK,00131,卓能(集团),10007411,2009-06-30 00:00:00,001,6-30,2008-07-01 00:00:00,001006,加:减值及拨备,64493616.33
00131.HK,00131,卓能(集团),10007411,2009-06-30 00:00:00,001,6-30,2008-07-01 00:00:00,001007,减:重估盈余,-453030608.42
00131.HK,00131,卓能(集团),10007411,2009-06-30 00:00:00,001,6-30,2008-07-01 00:00:00,001008,减:出售资产之溢利,3041278.5
00131.HK,00131,卓能(集团),10007411,2009-06-30 00:00:00,001,6-30,2008-07-01 00:00:00,001009,加:折旧及摊销,3208769.2
00131.HK,00131,卓能(集团),10007411,2009-06-30 00:00:00,001,6-30,2008-07-01 00:00:00,001010,减:汇兑收益,9013644.25
00131.HK,00131,卓能(集团),10007411,2009-06-30 00:00:00,001,6-30,2008-07-01 00:00:00,001999,营运资金变动前经营溢利,18758958.4
00131.HK,00131,卓能(集团),10007411,2009-06-30 00:00:00,001,6-30,2008-07-01 00:00:00,002002,应收帐款减少,-7282319.33
00131.HK,00131,卓能(集团),10007411,2009-06-30 00:00:00,001,6-30,2008-07-01 00:00:00,002003,应收关联方款项(增加)减少,-264459.0
00131.HK,00131,卓能(集团),10007411,2009-06-30 00:00:00,001,6-30,2008-07-01 00:00:00,002004,应付帐款及应计费用增加(减少),-32643937.43
00131.HK,00131,卓能(集团),10007411,2009-06-30 00:00:00,001,6-30,2008-07-01 00:00:00,002011,发展中物业(增加)减少,-26631021.3
00131.HK,00131,卓能(集团),10007411,2009-06-30 00:00:00,001,6-30,2008-07-01 00:00:00,002999,经营产生现金,-48062778.66
00131.HK,00131,卓能(集团),10007411,2009-06-30 00:00:00,001,6-30,2008-07-01 00:00:00,003002,已付利息(经营),13885860.56
00131.HK,00131,卓能(集团),10007411,2009-06-30 00:00:00,001,6-30,2008-07-01 00:00:00,003003,已付税项,5139319.9
00131.HK,00131,卓能(集团),10007411,2009-06-30 00:00:00,001,6-30,2008-07-01 00:00:00,003999,经营业务现金净额,-67087959.12
00131.HK,00131,卓能(集团),10007411,2009-06-30 00:00:00,001,6-30,2008-07-01 00:00:00,005001,已收利息(投资),911502.02
00131.HK,00131,卓能(集团),10007411,2009-06-30 00:00:00,001,6-30,2008-07-01 00:00:00,005002,已收股息(投资),3543750.6
00131.HK,00131,卓能(集团),10007411,2009-06-30 00:00:00,001,6-30,2008-07-01 00:00:00,005003,存款减少(增加),-9676554.81
00131.HK,00131,卓能(集团),10007411,2009-06-30 00:00:00,001,6-30,2008-07-01 00:00:00,005005,购建固定资产,299720.2
00131.HK,00131,卓能(集团),10007411,2009-06-30 00:00:00,001,6-30,2008-07-01 00:00:00,005007,购建无形资产及其他资产,27371506.5
00131.HK,00131,卓能(集团),10007411,2009-06-30 00:00:00,001,6-30,2008-07-01 00:00:00,005010,收回投资所得现金,38202865.61
00131.HK,00131,卓能(集团),10007411,2009-06-30 00:00:00,001,6-30,2008-07-01 00:00:00,005011,投资支付现金,3356866.24
00131.HK,00131,卓能(集团),10007411,2009-06-30 00:00:00,001,6-30,2008-07-01 00:00:00,005997,投资业务其他项目,171898.35
00131.HK,00131,卓能(集团),10007411,2009-06-30 00:00:00,001,6-30,2008-07-01 00:00:00,005999,投资业务现金净额,2125368.83
00131.HK,00131,卓能(集团),10007411,2009-06-30 00:00:00,001,6-30,2008-07-01 00:00:00,007001,新增借款,165455247.23
00131.HK,00131,卓能(集团),10007411,2009-06-30 00:00:00,001,6-30,2008-07-01 00:00:00,007002,偿还借款,170650985.05
00131.HK,00131,卓能(集团),10007411,2009-06-30 00:00:00,001,6-30,2008-07-01 00:00:00,007004,已付股息(融资),6985243.72
00131.HK,00131,卓能(集团),10007411,2009-06-30 00:00:00,001,6-30,2008-07-01 00:00:00,007006,发行股份,5465486.0
00131.HK,00131,卓能(集团),10007411,2009-06-30 00:00:00,001,6-30,2008-07-01 00:00:00,007999,融资业务现金净额,-6715495.54
00131.HK,00131,卓能(集团),10007411,2009-06-30 00:00:00,001,6-30,2008-07-01 00:00:00,010999,现金净额,-71678085.83
00131.HK,00131,卓能(集团),10007411,2009-06-30 00:00:00,001,6-30,2008-07-01 00:00:00,011001,期初现金,87237971.86
00131.HK,00131,卓能(集团),10007411,2009-06-30 00:00:00,001,6-30,2008-07-01 00:00:00,011999,期末现金,15559886.03
00131.HK,00131,卓能(集团),10007411,2009-06-30 00:00:00,001,6-30,2008-07-01 00:00:00,013999,非运算项目,31119772.06
00131.HK,00131,卓能(集团),10007411,2008-06-30 00:00:00,001,6-30,2007-07-01 00:00:00,001001,除税前溢利(业务利润),371014135.85
00131.HK,00131,卓能(集团),10007411,2008-06-30 00:00:00,001,6-30,2007-07-01 00:00:00,001002,减:利息收入,-18646316.53
00131.HK,00131,卓能(集团),10007411,2008-06-30 00:00:00,001,6-30,2007-07-01 00:00:00,001004,减:投资收益,5013906.51
00131.HK,00131,卓能(集团),10007411,2008-06-30 00:00:00,001,6-30,2007-07-01 00:00:00,001006,加:减值及拨备,-263751.0
00131.HK,00131,卓能(集团),10007411,2008-06-30 00:00:00,001,6-30,2007-07-01 00:00:00,001007,减:重估盈余,371941660.2
00131.HK,00131,卓能(集团),10007411,2008-06-30 00:00:00,001,6-30,2007-07-01 00:00:00,001008,减:出售资产之溢利,10976437.45
00131.HK,00131,卓能(集团),10007411,2008-06-30 00:00:00,001,6-30,2007-07-01 00:00:00,001009,加:折旧及摊销,2715756.13
00131.HK,00131,卓能(集团),10007411,2008-06-30 00:00:00,001,6-30,2007-07-01 00:00:00,001010,减:汇兑收益,-7261944.2
00131.HK,00131,卓能(集团),10007411,2008-06-30 00:00:00,001,6-30,2007-07-01 00:00:00,001999,营运资金变动前经营溢利,11442397.55
00131.HK,00131,卓能(集团),10007411,2008-06-30 00:00:00,001,6-30,2007-07-01 00:00:00,002002,应收帐款减少,-28554562.43
00131.HK,00131,卓能(集团),10007411,2008-06-30 00:00:00,001,6-30,2007-07-01 00:00:00,002004,应付帐款及应计费用增加(减少),-2591793.16
00131.HK,00131,卓能(集团),10007411,2008-06-30 00:00:00,001,6-30,2007-07-01 00:00:00,002011,发展中物业(增加)减少,-89867878.23
00131.HK,00131,卓能(集团),10007411,2008-06-30 00:00:00,001,6-30,2007-07-01 00:00:00,002999,经营产生现金,-109571836.27
00131.HK,00131,卓能(集团),10007411,2008-06-30 00:00:00,001,6-30,2007-07-01 00:00:00,003002,已付利息(经营),19257339.68
00131.HK,00131,卓能(集团),10007411,2008-06-30 00:00:00,001,6-30,2007-07-01 00:00:00,003003,已付税项,3172045.36
00131.HK,00131,卓能(集团),10007411,2008-06-30 00:00:00,001,6-30,2007-07-01 00:00:00,003999,经营业务现金净额,-132001221.31
00131.HK,00131,卓能(集团),10007411,2008-06-30 00:00:00,001,6-30,2007-07-01 00:00:00,005001,已收利息(投资),611023.15
00131.HK,00131,卓能(集团),10007411,2008-06-30 00:00:00,001,6-30,2007-07-01 00:00:00,005002,已收股息(投资),5013906.51
00131.HK,00131,卓能(集团),10007411,2008-06-30 00:00:00,001,6-30,2007-07-01 00:00:00,005003,存款减少(增加),18897759.15
00131.HK,00131,卓能(集团),10007411,2008-06-30 00:00:00,001,6-30,2007-07-01 00:00:00,005005,购建固定资产,5461404.04
00131.HK,00131,卓能(集团),10007411,2008-06-30 00:00:00,001,6-30,2007-07-01 00:00:00,005006,处置无形资产及其他资产,3992310.97
00131.HK,00131,卓能(集团),10007411,2008-06-30 00:00:00,001,6-30,2007-07-01 00:00:00,005007,购建无形资产及其他资产,44074550.44
00131.HK,00131,卓能(集团),10007411,2008-06-30 00:00:00,001,6-30,2007-07-01 00:00:00,005009,收购附属公司,15067215.46
00131.HK,00131,卓能(集团),10007411,2008-06-30 00:00:00,001,6-30,2007-07-01 00:00:00,005010,收回投资所得现金,88433951.96
00131.HK,00131,卓能(集团),10007411,2008-06-30 00:00:00,001,6-30,2007-07-01 00:00:00,005011,投资支付现金,311008145.84
00131.HK,00131,卓能(集团),10007411,2008-06-30 00:00:00,001,6-30,2007-07-01 00:00:00,005997,投资业务其他项目,408814.05
00131.HK,00131,卓能(集团),10007411,2008-06-30 00:00:00,001,6-30,2007-07-01 00:00:00,005999,投资业务现金净额,-258253549.99
00131.HK,00131,卓能(集团),10007411,2008-06-30 00:00:00,001,6-30,2007-07-01 00:00:00,007001,新增借款,732049692.2
00131.HK,00131,卓能(集团),10007411,2008-06-30 00:00:00,001,6-30,2007-07-01 00:00:00,007002,偿还借款,457418084.28
00131.HK,00131,卓能(集团),10007411,2008-06-30 00:00:00,001,6-30,2007-07-01 00:00:00,007004,已付股息(融资),50335120.01
00131.HK,00131,卓能(集团),10007411,2008-06-30 00:00:00,001,6-30,2007-07-01 00:00:00,007006,发行股份,224147029.01
00131.HK,00131,卓能(集团),10007411,2008-06-30 00:00:00,001,6-30,2007-07-01 00:00:00,007999,融资业务现金净额,448443516.92
00131.HK,00131,卓能(集团),10007411,2008-06-30 00:00:00,001,6-30,2007-07-01 00:00:00,010999,现金净额,58188745.62
00131.HK,00131,卓能(集团),10007411,2008-06-30 00:00:00,001,6-30,2007-07-01 00:00:00,011001,期初现金,28815675.92
00131.HK,00131,卓能(集团),10007411,2008-06-30 00:00:00,001,6-30,2007-07-01 00:00:00,011999,期末现金,87004421.54
00131.HK,00131,卓能(集团),10007411,2008-06-30 00:00:00,001,6-30,2007-07-01 00:00:00,013999,非运算项目,174008843.08
00131.HK,00131,卓能(集团),10007411,2007-06-30 00:00:00,001,6-30,2006-07-01 00:00:00,001001,除税前溢利(业务利润),541647698.36
00131.HK,00131,卓能(集团),10007411,2007-06-30 00:00:00,001,6-30,2006-07-01 00:00:00,001002,减:利息收入,1182873.04
00131.HK,00131,卓能(集团),10007411,2007-06-30 00:00:00,001,6-30,2006-07-01 00:00:00,001003,加:利息支出,21988382.12
00131.HK,00131,卓能(集团),10007411,2007-06-30 00:00:00,001,6-30,2006-07-01 00:00:00,001006,加:减值及拨备,-150051.44
00131.HK,00131,卓能(集团),10007411,2007-06-30 00:00:00,001,6-30,2006-07-01 00:00:00,001007,减:重估盈余,451938373.16
00131.HK,00131,卓能(集团),10007411,2007-06-30 00:00:00,001,6-30,2006-07-01 00:00:00,001008,减:出售资产之溢利,106688522.56
00131.HK,00131,卓能(集团),10007411,2007-06-30 00:00:00,001,6-30,2006-07-01 00:00:00,001009,加:折旧及摊销,726872.56
00131.HK,00131,卓能(集团),10007411,2007-06-30 00:00:00,001,6-30,2006-07-01 00:00:00,001997,加:经营调整其他项目,974.36
00131.HK,00131,卓能(集团),10007411,2007-06-30 00:00:00,001,6-30,2006-07-01 00:00:00,001999,营运资金变动前经营溢利,4404107.2
00131.HK,00131,卓能(集团),10007411,2007-06-30 00:00:00,001,6-30,2006-07-01 00:00:00,002002,应收帐款减少,-1705130.0
00131.HK,00131,卓能(集团),10007411,2007-06-30 00:00:00,001,6-30,2006-07-01 00:00:00,002004,应付帐款及应计费用增加(减少),18671660.68
00131.HK,00131,卓能(集团),10007411,2007-06-30 00:00:00,001,6-30,2006-07-01 00:00:00,002011,发展中物业(增加)减少,-95825382.92
00131.HK,00131,卓能(集团),10007411,2007-06-30 00:00:00,001,6-30,2006-07-01 00:00:00,002999,经营产生现金,-74454745.04
00131.HK,00131,卓能(集团),10007411,2007-06-30 00:00:00,001,6-30,2006-07-01 00:00:00,003002,已付利息(经营),21988382.12
00131.HK,00131,卓能(集团),10007411,2007-06-30 00:00:00,001,6-30,2006-07-01 00:00:00,003003,已付税项,306923.4
00131.HK,00131,卓能(集团),10007411,2007-06-30 00:00:00,001,6-30,2006-07-01 00:00:00,003999,经营业务现金净额,-96750050.56
00131.HK,00131,卓能(集团),10007411,2007-06-30 00:00:00,001,6-30,2006-07-01 00:00:00,005001,已收利息(投资),1182873.04
00131.HK,00131,卓能(集团),10007411,2007-06-30 00:00:00,001,6-30,2006-07-01 00:00:00,005004,处置固定资产,9743.6
00131.HK,00131,卓能(集团),10007411,2007-06-30 00:00:00,001,6-30,2006-07-01 00:00:00,005005,购建固定资产,698616.12
00131.HK,00131,卓能(集团),10007411,2007-06-30 00:00:00,001,6-30,2006-07-01 00:00:00,005007,购建无形资产及其他资产,130985163.52
00131.HK,00131,卓能(集团),10007411,2007-06-30 00:00:00,001,6-30,2006-07-01 00:00:00,005008,出售附属公司,155622830.48
00131.HK,00131,卓能(集团),10007411,2007-06-30 00:00:00,001,6-30,2006-07-01 00:00:00,005010,收回投资所得现金,1175078.16
00131.HK,00131,卓能(集团),10007411,2007-06-30 00:00:00,001,6-30,2006-07-01 00:00:00,005011,投资支付现金,3091644.28
00131.HK,00131,卓能(集团),10007411,2007-06-30 00:00:00,001,6-30,2006-07-01 00:00:00,005997,投资业务其他项目,-27976798.68
00131.HK,00131,卓能(集团),10007411,2007-06-30 00:00:00,001,6-30,2006-07-01 00:00:00,005999,投资业务现金净额,-4761697.32
00131.HK,00131,卓能(集团),10007411,2007-06-30 00:00:00,001,6-30,2006-07-01 00:00:00,007001,新增借款,834222673.0
00131.HK,00131,卓能(集团),10007411,2007-06-30 00:00:00,001,6-30,2006-07-01 00:00:00,007002,偿还借款,1300213266.08
00131.HK,00131,卓能(集团),10007411,2007-06-30 00:00:00,001,6-30,2006-07-01 00:00:00,007004,已付股息(融资),26103104.4
00131.HK,00131,卓能(集团),10007411,2007-06-30 00:00:00,001,6-30,2006-07-01 00:00:00,007006,发行股份,620852448.4
00131.HK,00131,卓能(集团),10007411,2007-06-30 00:00:00,001,6-30,2006-07-01 00:00:00,007999,融资业务现金净额,128758750.92
00131.HK,00131,卓能(集团),10007411,2007-06-30 00:00:00,001,6-30,2006-07-01 00:00:00,010999,现金净额,27247003.04
00131.HK,00131,卓能(集团),10007411,2007-06-30 00:00:00,001,6-30,2006-07-01 00:00:00,011001,期初现金,4688620.32
00131.HK,00131,卓能(集团),10007411,2007-06-30 00:00:00,001,6-30,2006-07-01 00:00:00,011999,期末现金,31935623.36
00131.HK,00131,卓能(集团),10007411,2007-06-30 00:00:00,001,6-30,2006-07-01 00:00:00,013999,非运算项目,63871246.72
00131.HK,00131,卓能(集团),10007411,2006-06-30 00:00:00,001,6-30,2005-07-01 00:00:00,002999,经营产生现金,-4610772.18
00131.HK,00131,卓能(集团),10007411,2006-06-30 00:00:00,001,6-30,2005-07-01 00:00:00,003002,已付利息(经营),76932674.28
00131.HK,00131,卓能(集团),10007411,2006-06-30 00:00:00,001,6-30,2005-07-01 00:00:00,003003,已付税项,218237.04
00131.HK,00131,卓能(集团),10007411,2006-06-30 00:00:00,001,6-30,2005-07-01 00:00:00,003999,经营业务现金净额,-81761683.5
00131.HK,00131,卓能(集团),10007411,2006-06-30 00:00:00,001,6-30,2005-07-01 00:00:00,005001,已收利息(投资),333532.08
00131.HK,00131,卓能(集团),10007411,2006-06-30 00:00:00,001,6-30,2005-07-01 00:00:00,005005,购建固定资产,681476.04
00131.HK,00131,卓能(集团),10007411,2006-06-30 00:00:00,001,6-30,2005-07-01 00:00:00,005006,处置无形资产及其他资产,-37149708.96
00131.HK,00131,卓能(集团),10007411,2006-06-30 00:00:00,001,6-30,2005-07-01 00:00:00,005007,购建无形资产及其他资产,9875226.06
00131.HK,00131,卓能(集团),10007411,2006-06-30 00:00:00,001,6-30,2005-07-01 00:00:00,005009,收购附属公司,818200516.14
00131.HK,00131,卓能(集团),10007411,2006-06-30 00:00:00,001,6-30,2005-07-01 00:00:00,005011,投资支付现金,628975.62
00131.HK,00131,卓能(集团),10007411,2006-06-30 00:00:00,001,6-30,2005-07-01 00:00:00,005997,投资业务其他项目,68971.14
00131.HK,00131,卓能(集团),10007411,2006-06-30 00:00:00,001,6-30,2005-07-01 00:00:00,005999,投资业务现金净额,-866133399.6
00131.HK,00131,卓能(集团),10007411,2006-06-30 00:00:00,001,6-30,2005-07-01 00:00:00,007001,新增借款,1368233004.6
00131.HK,00131,卓能(集团),10007411,2006-06-30 00:00:00,001,6-30,2005-07-01 00:00:00,007002,偿还借款,429284610.72
00131.HK,00131,卓能(集团),10007411,2006-06-30 00:00:00,001,6-30,2005-07-01 00:00:00,007004,已付股息(融资),14820559.74
00131.HK,00131,卓能(集团),10007411,2006-06-30 00:00:00,001,6-30,2005-07-01 00:00:00,007006,发行股份,13195105.56
00131.HK,00131,卓能(集团),10007411,2006-06-30 00:00:00,001,6-30,2005-07-01 00:00:00,007999,融资业务现金净额,937322939.7
00131.HK,00131,卓能(集团),10007411,2006-06-30 00:00:00,001,6-30,2005-07-01 00:00:00,010999,现金净额,-10572143.4
00131.HK,00131,卓能(集团),10007411,2006-06-30 00:00:00,001,6-30,2005-07-01 00:00:00,011001,期初现金,15525712.44
00131.HK,00131,卓能(集团),10007411,2006-06-30 00:00:00,001,6-30,2005-07-01 00:00:00,011999,期末现金,4953569.04
00131.HK,00131,卓能(集团),10007411,2005-06-30 00:00:00,001,6-30,2004-07-01 00:00:00,001001,除税前溢利(业务利润),506097984.6
00131.HK,00131,卓能(集团),10007411,2005-06-30 00:00:00,001,6-30,2004-07-01 00:00:00,001002,减:利息收入,468556.0
00131.HK,00131,卓能(集团),10007411,2005-06-30 00:00:00,001,6-30,2004-07-01 00:00:00,001007,减:重估盈余,493901684.9
00131.HK,00131,卓能(集团),10007411,2005-06-30 00:00:00,001,6-30,2004-07-01 00:00:00,001008,减:出售资产之溢利,6460748.3
00131.HK,00131,卓能(集团),10007411,2005-06-30 00:00:00,001,6-30,2004-07-01 00:00:00,001009,加:折旧及摊销,642134.7
00131.HK,00131,卓能(集团),10007411,2005-06-30 00:00:00,001,6-30,2004-07-01 00:00:00,001999,营运资金变动前经营溢利,5909130.1
00131.HK,00131,卓能(集团),10007411,2005-06-30 00:00:00,001,6-30,2004-07-01 00:00:00,002002,应收帐款减少,-4367154.9
00131.HK,00131,卓能(集团),10007411,2005-06-30 00:00:00,001,6-30,2004-07-01 00:00:00,002004,应付帐款及应计费用增加(减少),-20088273.6
00131.HK,00131,卓能(集团),10007411,2005-06-30 00:00:00,001,6-30,2004-07-01 00:00:00,002006,营运资本变动其他项目,172513.8
00131.HK,00131,卓能(集团),10007411,2005-06-30 00:00:00,001,6-30,2004-07-01 00:00:00,002011,发展中物业(增加)减少,685795.6
00131.HK,00131,卓能(集团),10007411,2005-06-30 00:00:00,001,6-30,2004-07-01 00:00:00,002999,经营产生现金,-17687989.0
00131.HK,00131,卓能(集团),10007411,2005-06-30 00:00:00,001,6-30,2004-07-01 00:00:00,003003,已付税项,91581.4
00131.HK,00131,卓能(集团),10007411,2005-06-30 00:00:00,001,6-30,2004-07-01 00:00:00,003997,经营业务其他项目,-28110165.3
00131.HK,00131,卓能(集团),10007411,2005-06-30 00:00:00,001,6-30,2004-07-01 00:00:00,003999,经营业务现金净额,-45889735.7
00131.HK,00131,卓能(集团),10007411,2005-06-30 00:00:00,001,6-30,2004-07-01 00:00:00,005001,已收利息(投资),468556.0
00131.HK,00131,卓能(集团),10007411,2005-06-30 00:00:00,001,6-30,2004-07-01 00:00:00,005004,处置固定资产,84997123.3
00131.HK,00131,卓能(集团),10007411,2005-06-30 00:00:00,001,6-30,2004-07-01 00:00:00,005005,购建固定资产,30801167.6
00131.HK,00131,卓能(集团),10007411,2005-06-30 00:00:00,001,6-30,2004-07-01 00:00:00,005007,购建无形资产及其他资产,204860137.5
00131.HK,00131,卓能(集团),10007411,2005-06-30 00:00:00,001,6-30,2004-07-01 00:00:00,005997,投资业务其他项目,548423.5
00131.HK,00131,卓能(集团),10007411,2005-06-30 00:00:00,001,6-30,2004-07-01 00:00:00,005999,投资业务现金净额,-149647202.3
00131.HK,00131,卓能(集团),10007411,2005-06-30 00:00:00,001,6-30,2004-07-01 00:00:00,007001,新增借款,205139141.3
00131.HK,00131,卓能(集团),10007411,2005-06-30 00:00:00,001,6-30,2004-07-01 00:00:00,007004,已付股息(融资),4260664.9
00131.HK,00131,卓能(集团),10007411,2005-06-30 00:00:00,001,6-30,2004-07-01 00:00:00,007006,发行股份,1859315.4
00131.HK,00131,卓能(集团),10007411,2005-06-30 00:00:00,001,6-30,2004-07-01 00:00:00,007999,融资业务现金净额,202737791.8
00131.HK,00131,卓能(集团),10007411,2005-06-30 00:00:00,001,6-30,2004-07-01 00:00:00,010999,现金净额,7200853.8
00131.HK,00131,卓能(集团),10007411,2005-06-30 00:00:00,001,6-30,2004-07-01 00:00:00,011001,期初现金,8859968.0
00131.HK,00131,卓能(集团),10007411,2005-06-30 00:00:00,001,6-30,2004-07-01 00:00:00,011999,期末现金,16060821.8
00131.HK,00131,卓能(集团),10007411,2004-06-30 00:00:00,001,6-30,2003-07-01 00:00:00,001001,除税前溢利(业务利润),40298286.5
00131.HK,00131,卓能(集团),10007411,2004-06-30 00:00:00,001,6-30,2003-07-01 00:00:00,001002,减:利息收入,317209.1
00131.HK,00131,卓能(集团),10007411,2004-06-30 00:00:00,001,6-30,2003-07-01 00:00:00,001006,加:减值及拨备,-15433973.2
00131.HK,00131,卓能(集团),10007411,2004-06-30 00:00:00,001,6-30,2003-07-01 00:00:00,001008,减:出售资产之溢利,17863434.2
00131.HK,00131,卓能(集团),10007411,2004-06-30 00:00:00,001,6-30,2003-07-01 00:00:00,001009,加:折旧及摊销,613200.2
00131.HK,00131,卓能(集团),10007411,2004-06-30 00:00:00,001,6-30,2003-07-01 00:00:00,001999,营运资金变动前经营溢利,7296870.2
00131.HK,00131,卓能(集团),10007411,2004-06-30 00:00:00,001,6-30,2003-07-01 00:00:00,002002,应收帐款减少,6005754.9
00131.HK,00131,卓能(集团),10007411,2004-06-30 00:00:00,001,6-30,2003-07-01 00:00:00,002004,应付帐款及应计费用增加(减少),21660395.3
00131.HK,00131,卓能(集团),10007411,2004-06-30 00:00:00,001,6-30,2003-07-01 00:00:00,002006,营运资本变动其他项目,100785.5
00131.HK,00131,卓能(集团),10007411,2004-06-30 00:00:00,001,6-30,2003-07-01 00:00:00,002011,发展中物业(增加)减少,3819240.0
00131.HK,00131,卓能(集团),10007411,2004-06-30 00:00:00,001,6-30,2003-07-01 00:00:00,002999,经营产生现金,38883045.9
00131.HK,00131,卓能(集团),10007411,2004-06-30 00:00:00,001,6-30,2003-07-01 00:00:00,003003,已付税项,196266.5
00131.HK,00131,卓能(集团),10007411,2004-06-30 00:00:00,001,6-30,2003-07-01 00:00:00,003997,经营业务其他项目,-18946613.1
00131.HK,00131,卓能(集团),10007411,2004-06-30 00:00:00,001,6-30,2003-07-01 00:00:00,003999,经营业务现金净额,19740166.3
00131.HK,00131,卓能(集团),10007411,2004-06-30 00:00:00,001,6-30,2003-07-01 00:00:00,005001,已收利息(投资),317209.1
00131.HK,00131,卓能(集团),10007411,2004-06-30 00:00:00,001,6-30,2003-07-01 00:00:00,005004,处置固定资产,26810003.9
00131.HK,00131,卓能(集团),10007411,2004-06-30 00:00:00,001,6-30,2003-07-01 00:00:00,005005,购建固定资产,12997085.9
00131.HK,00131,卓能(集团),10007411,2004-06-30 00:00:00,001,6-30,2003-07-01 00:00:00,005007,购建无形资产及其他资产,6098053.2
00131.HK,00131,卓能(集团),10007411,2004-06-30 00:00:00,001,6-30,2003-07-01 00:00:00,005997,投资业务其他项目,103968.2
00131.HK,00131,卓能(集团),10007411,2004-06-30 00:00:00,001,6-30,2003-07-01 00:00:00,005999,投资业务现金净额,8136042.1
00131.HK,00131,卓能(集团),10007411,2004-06-30 00:00:00,001,6-30,2003-07-01 00:00:00,007001,新增借款,103661599.9
00131.HK,00131,卓能(集团),10007411,2004-06-30 00:00:00,001,6-30,2003-07-01 00:00:00,007002,偿还借款,122215680.0
00131.HK,00131,卓能(集团),10007411,2004-06-30 00:00:00,001,6-30,2003-07-01 00:00:00,007004,已付股息(融资),1157441.9
00131.HK,00131,卓能(集团),10007411,2004-06-30 00:00:00,001,6-30,2003-07-01 00:00:00,007999,融资业务现金净额,-19711522.0
00131.HK,00131,卓能(集团),10007411,2004-06-30 00:00:00,001,6-30,2003-07-01 00:00:00,010999,现金净额,8164686.4
00131.HK,00131,卓能(集团),10007411,2004-06-30 00:00:00,001,6-30,2003-07-01 00:00:00,011001,期初现金,662001.6
00131.HK,00131,卓能(集团),10007411,2004-06-30 00:00:00,001,6-30,2003-07-01 00:00:00,011999,期末现金,8826688.0
00131.HK,00131,卓能(集团),10007411,2003-06-30 00:00:00,001,6-30,2002-07-01 00:00:00,001001,除税前溢利(业务利润),-8470498.4
00131.HK,00131,卓能(集团),10007411,2003-06-30 00:00:00,001,6-30,2002-07-01 00:00:00,001002,减:利息收入,267422.4
00131.HK,00131,卓能(集团),10007411,2003-06-30 00:00:00,001,6-30,2002-07-01 00:00:00,001006,加:减值及拨备,15438337.6
00131.HK,00131,卓能(集团),10007411,2003-06-30 00:00:00,001,6-30,2002-07-01 00:00:00,001008,减:出售资产之溢利,-7026205.2
00131.HK,00131,卓能(集团),10007411,2003-06-30 00:00:00,001,6-30,2002-07-01 00:00:00,001009,加:折旧及摊销,643087.2
00131.HK,00131,卓能(集团),10007411,2003-06-30 00:00:00,001,6-30,2002-07-01 00:00:00,001999,营运资金变动前经营溢利,14369709.2
00131.HK,00131,卓能(集团),10007411,2003-06-30 00:00:00,001,6-30,2002-07-01 00:00:00,002002,应收帐款减少,-5058740.4
00131.HK,00131,卓能(集团),10007411,2003-06-30 00:00:00,001,6-30,2002-07-01 00:00:00,002003,应收关联方款项(增加)减少,144323.2
00131.HK,00131,卓能(集团),10007411,2003-06-30 00:00:00,001,6-30,2002-07-01 00:00:00,002004,应付帐款及应计费用增加(减少),3066868.0
00131.HK,00131,卓能(集团),10007411,2003-06-30 00:00:00,001,6-30,2002-07-01 00:00:00,002008,预收账款、按金及其他应付款增加(减少),-24407600.0
00131.HK,00131,卓能(集团),10007411,2003-06-30 00:00:00,001,6-30,2002-07-01 00:00:00,002011,发展中物业(增加)减少,54415152.4
00131.HK,00131,卓能(集团),10007411,2003-06-30 00:00:00,001,6-30,2002-07-01 00:00:00,002012,贷款和垫款(增加)减少,140078.4
00131.HK,00131,卓能(集团),10007411,2003-06-30 00:00:00,001,6-30,2002-07-01 00:00:00,002999,经营产生现金,42669790.8
00131.HK,00131,卓能(集团),10007411,2003-06-30 00:00:00,001,6-30,2002-07-01 00:00:00,003003,已付税项,159180.0
00131.HK,00131,卓能(集团),10007411,2003-06-30 00:00:00,001,6-30,2002-07-01 00:00:00,003997,经营业务其他项目,-26558652.4
00131.HK,00131,卓能(集团),10007411,2003-06-30 00:00:00,001,6-30,2002-07-01 00:00:00,003999,经营业务现金净额,15951958.4
00131.HK,00131,卓能(集团),10007411,2003-06-30 00:00:00,001,6-30,2002-07-01 00:00:00,005001,已收利息(投资),267422.4
00131.HK,00131,卓能(集团),10007411,2003-06-30 00:00:00,001,6-30,2002-07-01 00:00:00,005004,处置固定资产,4514344.8
00131.HK,00131,卓能(集团),10007411,2003-06-30 00:00:00,001,6-30,2002-07-01 00:00:00,005005,购建固定资产,12040375.2
00131.HK,00131,卓能(集团),10007411,2003-06-30 00:00:00,001,6-30,2002-07-01 00:00:00,005997,投资业务其他项目,420235.2
00131.HK,00131,卓能(集团),10007411,2003-06-30 00:00:00,001,6-30,2002-07-01 00:00:00,005999,投资业务现金净额,-6838372.8
00131.HK,00131,卓能(集团),10007411,2003-06-30 00:00:00,001,6-30,2002-07-01 00:00:00,007001,新增借款,233464000.0
00131.HK,00131,卓能(集团),10007411,2003-06-30 00:00:00,001,6-30,2002-07-01 00:00:00,007002,偿还借款,268949466.8
00131.HK,00131,卓能(集团),10007411,2003-06-30 00:00:00,001,6-30,2002-07-01 00:00:00,007006,发行股份,27625158.4
00131.HK,00131,卓能(集团),10007411,2003-06-30 00:00:00,001,6-30,2002-07-01 00:00:00,007999,融资业务现金净额,-7860308.4
00131.HK,00131,卓能(集团),10007411,2003-06-30 00:00:00,001,6-30,2002-07-01 00:00:00,010999,现金净额,1253277.2
00131.HK,00131,卓能(集团),10007411,2003-06-30 00:00:00,001,6-30,2002-07-01 00:00:00,011001,期初现金,-591088.4
00131.HK,00131,卓能(集团),10007411,2003-06-30 00:00:00,001,6-30,2002-07-01 00:00:00,011999,期末现金,662188.8
00131.HK,00131,卓能(集团),10007411,2002-06-30 00:00:00,001,6-30,2001-07-01 00:00:00,001001,除税前溢利(业务利润),-844237.6
00131.HK,00131,卓能(集团),10007411,2002-06-30 00:00:00,001,6-30,2001-07-01 00:00:00,001002,减:利息收入,372270.6
00131.HK,00131,卓能(集团),10007411,2002-06-30 00:00:00,001,6-30,2001-07-01 00:00:00,001006,加:减值及拨备,57272.4
00131.HK,00131,卓能(集团),10007411,2002-06-30 00:00:00,001,6-30,2001-07-01 00:00:00,001008,减:出售资产之溢利,2845589.8
00131.HK,00131,卓能(集团),10007411,2002-06-30 00:00:00,001,6-30,2001-07-01 00:00:00,001009,加:折旧及摊销,596057.2
00131.HK,00131,卓能(集团),10007411,2002-06-30 00:00:00,001,6-30,2001-07-01 00:00:00,001999,营运资金变动前经营溢利,-3370586.8
00131.HK,00131,卓能(集团),10007411,2002-06-30 00:00:00,001,6-30,2001-07-01 00:00:00,002002,应收帐款减少,200453.4
00131.HK,00131,卓能(集团),10007411,2002-06-30 00:00:00,001,6-30,2001-07-01 00:00:00,002003,应收关联方款项(增加)减少,666056.8
00131.HK,00131,卓能(集团),10007411,2002-06-30 00:00:00,001,6-30,2001-07-01 00:00:00,002004,应付帐款及应计费用增加(减少),1488021.8
00131.HK,00131,卓能(集团),10007411,2002-06-30 00:00:00,001,6-30,2001-07-01 00:00:00,002006,营运资本变动其他项目,38181.6
00131.HK,00131,卓能(集团),10007411,2002-06-30 00:00:00,001,6-30,2001-07-01 00:00:00,002011,发展中物业(增加)减少,-1772262.6
00131.HK,00131,卓能(集团),10007411,2002-06-30 00:00:00,001,6-30,2001-07-01 00:00:00,002999,经营产生现金,-2788317.4
00131.HK,00131,卓能(集团),10007411,2002-06-30 00:00:00,001,6-30,2001-07-01 00:00:00,003003,已付税项,216362.4
00131.HK,00131,卓能(集团),10007411,2002-06-30 00:00:00,001,6-30,2001-07-01 00:00:00,003997,经营业务其他项目,-25117129.2
00131.HK,00131,卓能(集团),10007411,2002-06-30 00:00:00,001,6-30,2001-07-01 00:00:00,003999,经营业务现金净额,-28121809.0
00131.HK,00131,卓能(集团),10007411,2002-06-30 00:00:00,001,6-30,2001-07-01 00:00:00,005001,已收利息(投资),370149.4
00131.HK,00131,卓能(集团),10007411,2002-06-30 00:00:00,001,6-30,2001-07-01 00:00:00,005004,处置固定资产,12236142.2
00131.HK,00131,卓能(集团),10007411,2002-06-30 00:00:00,001,6-30,2001-07-01 00:00:00,005005,购建固定资产,15386124.2
00131.HK,00131,卓能(集团),10007411,2002-06-30 00:00:00,001,6-30,2001-07-01 00:00:00,005009,收购附属公司,101779418.4
00131.HK,00131,卓能(集团),10007411,2002-06-30 00:00:00,001,6-30,2001-07-01 00:00:00,005997,投资业务其他项目,871813.2
00131.HK,00131,卓能(集团),10007411,2002-06-30 00:00:00,001,6-30,2001-07-01 00:00:00,005999,投资业务现金净额,-103687437.8
00131.HK,00131,卓能(集团),10007411,2002-06-30 00:00:00,001,6-30,2001-07-01 00:00:00,007001,新增借款,221358886.6
00131.HK,00131,卓能(集团),10007411,2002-06-30 00:00:00,001,6-30,2001-07-01 00:00:00,007002,偿还借款,109772100.0
00131.HK,00131,卓能(集团),10007411,2002-06-30 00:00:00,001,6-30,2001-07-01 00:00:00,007006,发行股份,33370718.4
00131.HK,00131,卓能(集团),10007411,2002-06-30 00:00:00,001,6-30,2001-07-01 00:00:00,007999,融资业务现金净额,144957505.0
00131.HK,00131,卓能(集团),10007411,2002-06-30 00:00:00,001,6-30,2001-07-01 00:00:00,010999,现金净额,13148258.2
00131.HK,00131,卓能(集团),10007411,2002-06-30 00:00:00,001,6-30,2001-07-01 00:00:00,011001,期初现金,-13739012.4
00131.HK,00131,卓能(集团),10007411,2002-06-30 00:00:00,001,6-30,2001-07-01 00:00:00,011999,期末现金,-590754.2
00131.HK,00131,卓能(集团),10007411,2001-06-30 00:00:00,001,6-30,2000-07-01 00:00:00,001001,除税前溢利(业务利润),-35570362.8
00131.HK,00131,卓能(集团),10007411,2001-06-30 00:00:00,001,6-30,2000-07-01 00:00:00,001009,加:折旧及摊销,458438.4
00131.HK,00131,卓能(集团),10007411,2001-06-30 00:00:00,001,6-30,2000-07-01 00:00:00,002006,营运资本变动其他项目,-14129878.0
00131.HK,00131,卓能(集团),10007411,2001-06-30 00:00:00,001,6-30,2000-07-01 00:00:00,003997,经营业务其他项目,-3895665.2
00131.HK,00131,卓能(集团),10007411,2001-06-30 00:00:00,001,6-30,2000-07-01 00:00:00,003999,经营业务现金净额,-53137467.6
00131.HK,00131,卓能(集团),10007411,2001-06-30 00:00:00,001,6-30,2000-07-01 00:00:00,005005,购建固定资产,13235286.4
00131.HK,00131,卓能(集团),10007411,2001-06-30 00:00:00,001,6-30,2000-07-01 00:00:00,005010,收回投资所得现金,9101912.4
00131.HK,00131,卓能(集团),10007411,2001-06-30 00:00:00,001,6-30,2000-07-01 00:00:00,005999,投资业务现金净额,-4133374.0
00131.HK,00131,卓能(集团),10007411,2001-06-30 00:00:00,001,6-30,2000-07-01 00:00:00,007001,新增借款,8807960.0
00131.HK,00131,卓能(集团),10007411,2001-06-30 00:00:00,001,6-30,2000-07-01 00:00:00,007002,偿还借款,20809070.8
00131.HK,00131,卓能(集团),10007411,2001-06-30 00:00:00,001,6-30,2000-07-01 00:00:00,007006,发行股份,55863690.4
00131.HK,00131,卓能(集团),10007411,2001-06-30 00:00:00,001,6-30,2000-07-01 00:00:00,007997,融资业务其他项目,42967988.0
00131.HK,00131,卓能(集团),10007411,2001-06-30 00:00:00,001,6-30,2000-07-01 00:00:00,007999,融资业务现金净额,86830567.6
00131.HK,00131,卓能(集团),10007411,2001-06-30 00:00:00,001,6-30,2000-07-01 00:00:00,010999,现金净额,29559726.0
00131.HK,00131,卓能(集团),10007411,2001-06-30 00:00:00,001,6-30,2000-07-01 00:00:00,011001,期初现金,-43306510.8
00131.HK,00131,卓能(集团),10007411,2001-06-30 00:00:00,001,6-30,2000-07-01 00:00:00,011999,期末现金,-13746784.8
