SECUCODE,SECURITY_CODE,SECURITY_NAME_ABBR,ORG_CODE,REPORT_DATE,DATE_TYPE_CODE,FISCAL_YEAR,STD_ITEM_CODE,STD_ITEM_NAME,AMOUNT,STD_REPORT_DATE
00131.HK,00131,卓能(集团),10007411,2024-06-30 00:00:00,001,6-30,004001002,物业厂房及设备,173928514.92,2023-12-31 00:00:00
00131.HK,00131,卓能(集团),10007411,2024-06-30 00:00:00,001,6-30,004001003,投资物业,4896589349.56,2023-12-31 00:00:00
00131.HK,00131,卓能(集团),10007411,2024-06-30 00:00:00,001,6-30,004001009,递延税项资产,13691112.68,2023-12-31 00:00:00
00131.HK,00131,卓能(集团),10007411,2024-06-30 00:00:00,001,6-30,004001031,其他金融资产(非流动),44947664.64,2023-12-31 00:00:00
00131.HK,00131,卓能(集团),10007411,2024-06-30 00:00:00,001,6-30,004001997,非流动资产其他项目,867046.0,2023-12-31 00:00:00
00131.HK,00131,卓能(集团),10007411,2024-06-30 00:00:00,001,6-30,004001999,非流动资产合计,5130023687.8,2023-12-31 00:00:00
00131.HK,00131,卓能(集团),10007411,2024-06-30 00:00:00,001,6-30,004002002,发展中及待售物业,2719897746.96,2023-12-31 00:00:00
00131.HK,00131,卓能(集团),10007411,2024-06-30 00:00:00,001,6-30,004002003,应收帐款,19252984.6,2023-12-31 00:00:00
00131.HK,00131,卓能(集团),10007411,2024-06-30 00:00:00,001,6-30,004002010,现金及等价物,804793922.56,2023-12-31 00:00:00
00131.HK,00131,卓能(集团),10007411,2024-06-30 00:00:00,001,6-30,004002013,指定以公允价值记账之金融资产(流动),52219898.88,2023-12-31 00:00:00
00131.HK,00131,卓能(集团),10007411,2024-06-30 00:00:00,001,6-30,004002022,其他金融资产(流动),573163.04,2023-12-31 00:00:00
00131.HK,00131,卓能(集团),10007411,2024-06-30 00:00:00,001,6-30,004002999,流动资产合计,3596737716.04,2023-12-31 00:00:00
00131.HK,00131,卓能(集团),10007411,2024-06-30 00:00:00,001,6-30,004009999,总资产,8726761403.84,2023-12-31 00:00:00
00131.HK,00131,卓能(集团),10007411,2024-06-30 00:00:00,001,6-30,004011003,应付税项,196677976.6,2023-12-31 00:00:00
00131.HK,00131,卓能(集团),10007411,2024-06-30 00:00:00,001,6-30,004011005,应付关联方款项(流动),223273471.8,2023-12-31 00:00:00
00131.HK,00131,卓能(集团),10007411,2024-06-30 00:00:00,001,6-30,004011006,融资租赁负债(流动),1177357.2,2023-12-31 00:00:00
00131.HK,00131,卓能(集团),10007411,2024-06-30 00:00:00,001,6-30,004011008,其他应付款及应计费用,133335246.56,2023-12-31 00:00:00
00131.HK,00131,卓能(集团),10007411,2024-06-30 00:00:00,001,6-30,004011010,短期贷款,1225843325.0,2023-12-31 00:00:00
00131.HK,00131,卓能(集团),10007411,2024-06-30 00:00:00,001,6-30,004011024,合同负债,11668613.8,2023-12-31 00:00:00
00131.HK,00131,卓能(集团),10007411,2024-06-30 00:00:00,001,6-30,004011999,流动负债合计,1791975990.96,2023-12-31 00:00:00
00131.HK,00131,卓能(集团),10007411,2024-06-30 00:00:00,001,6-30,004013999,净流动资产,1804761725.08,2023-12-31 00:00:00
00131.HK,00131,卓能(集团),10007411,2024-06-30 00:00:00,001,6-30,004015999,总资产减流动负债,6934785412.88,2023-12-31 00:00:00
00131.HK,00131,卓能(集团),10007411,2024-06-30 00:00:00,001,6-30,004020001,长期贷款,,2023-12-31 00:00:00
00131.HK,00131,卓能(集团),10007411,2024-06-30 00:00:00,001,6-30,004020003,递延税项负债,643371861.68,2023-12-31 00:00:00
00131.HK,00131,卓能(集团),10007411,2024-06-30 00:00:00,001,6-30,004020005,融资租赁负债(非流动),679033.92,2023-12-31 00:00:00
00131.HK,00131,卓能(集团),10007411,2024-06-30 00:00:00,001,6-30,004020999,非流动负债合计,644050895.6,2023-12-31 00:00:00
00131.HK,00131,卓能(集团),10007411,2024-06-30 00:00:00,001,6-30,004025999,总负债,2436026886.56,2023-12-31 00:00:00
00131.HK,00131,卓能(集团),10007411,2024-06-30 00:00:00,001,6-30,004027999,少数股东权益,190045531.04,2023-12-31 00:00:00
00131.HK,00131,卓能(集团),10007411,2024-06-30 00:00:00,001,6-30,004028999,净资产,6290734517.28,2023-12-31 00:00:00
00131.HK,00131,卓能(集团),10007411,2024-06-30 00:00:00,001,6-30,004030001,股本,2253393229.8,2023-12-31 00:00:00
00131.HK,00131,卓能(集团),10007411,2024-06-30 00:00:00,001,6-30,004030002,储备,3847295756.44,2023-12-31 00:00:00
00131.HK,00131,卓能(集团),10007411,2024-06-30 00:00:00,001,6-30,004030999,股东权益,6100688986.24,2023-12-31 00:00:00
00131.HK,00131,卓能(集团),10007411,2024-06-30 00:00:00,001,6-30,004036999,总权益,6290734517.28,2023-12-31 00:00:00
00131.HK,00131,卓能(集团),10007411,2024-06-30 00:00:00,001,6-30,004037999,总权益及非流动负债,6934785412.88,2023-12-31 00:00:00
00131.HK,00131,卓能(集团),10007411,2024-06-30 00:00:00,001,6-30,004039999,总权益及总负债,8726761403.84,2023-12-31 00:00:00
00131.HK,00131,卓能(集团),10007411,2024-06-30 00:00:00,001,6-30,004060999,非运算项目,6934787238.24,2023-12-31 00:00:00
00131.HK,00131,卓能(集团),10007411,2023-06-30 00:00:00,001,6-30,004001002,物业厂房及设备,40788395.2,2022-12-31 00:00:00
00131.HK,00131,卓能(集团),10007411,2023-06-30 00:00:00,001,6-30,004001003,投资物业,6334008131.88,2022-12-31 00:00:00
00131.HK,00131,卓能(集团),10007411,2023-06-30 00:00:00,001,6-30,004001009,递延税项资产,16423229.74,2022-12-31 00:00:00
00131.HK,00131,卓能(集团),10007411,2023-06-30 00:00:00,001,6-30,004001031,其他金融资产(非流动),60363874.56,2022-12-31 00:00:00
00131.HK,00131,卓能(集团),10007411,2023-06-30 00:00:00,001,6-30,004001997,非流动资产其他项目,875881.0,2022-12-31 00:00:00
00131.HK,00131,卓能(集团),10007411,2023-06-30 00:00:00,001,6-30,004001999,非流动资产合计,6452459512.38,2022-12-31 00:00:00
00131.HK,00131,卓能(集团),10007411,2023-06-30 00:00:00,001,6-30,004002002,发展中及待售物业,1751762921.98,2022-12-31 00:00:00
00131.HK,00131,卓能(集团),10007411,2023-06-30 00:00:00,001,6-30,004002003,应收帐款,25122111.04,2022-12-31 00:00:00
00131.HK,00131,卓能(集团),10007411,2023-06-30 00:00:00,001,6-30,004002010,现金及等价物,298283579.5,2022-12-31 00:00:00
00131.HK,00131,卓能(集团),10007411,2023-06-30 00:00:00,001,6-30,004002013,指定以公允价值记账之金融资产(流动),44454187.68,2022-12-31 00:00:00
00131.HK,00131,卓能(集团),10007411,2023-06-30 00:00:00,001,6-30,004002022,其他金融资产(流动),3357851.16,2022-12-31 00:00:00
00131.HK,00131,卓能(集团),10007411,2023-06-30 00:00:00,001,6-30,004002999,流动资产合计,2122980651.36,2022-12-31 00:00:00
00131.HK,00131,卓能(集团),10007411,2023-06-30 00:00:00,001,6-30,004009999,总资产,8575440163.74,2022-12-31 00:00:00
00131.HK,00131,卓能(集团),10007411,2023-06-30 00:00:00,001,6-30,004011003,应付税项,18522578.2,2022-12-31 00:00:00
00131.HK,00131,卓能(集团),10007411,2023-06-30 00:00:00,001,6-30,004011005,应付关联方款项(流动),222766041.66,2022-12-31 00:00:00
00131.HK,00131,卓能(集团),10007411,2023-06-30 00:00:00,001,6-30,004011006,融资租赁负债(流动),1997930.66,2022-12-31 00:00:00
00131.HK,00131,卓能(集团),10007411,2023-06-30 00:00:00,001,6-30,004011008,其他应付款及应计费用,140849040.64,2022-12-31 00:00:00
00131.HK,00131,卓能(集团),10007411,2023-06-30 00:00:00,001,6-30,004011010,短期贷款,374737849.02,2022-12-31 00:00:00
00131.HK,00131,卓能(集团),10007411,2023-06-30 00:00:00,001,6-30,004011024,合同负债,127862030.36,2022-12-31 00:00:00
00131.HK,00131,卓能(集团),10007411,2023-06-30 00:00:00,001,6-30,004011999,流动负债合计,886735470.54,2022-12-31 00:00:00
00131.HK,00131,卓能(集团),10007411,2023-06-30 00:00:00,001,6-30,004013999,净流动资产,1236245180.82,2022-12-31 00:00:00
00131.HK,00131,卓能(集团),10007411,2023-06-30 00:00:00,001,6-30,004015999,总资产减流动负债,7688704693.2,2022-12-31 00:00:00
00131.HK,00131,卓能(集团),10007411,2023-06-30 00:00:00,001,6-30,004020001,长期贷款,580847400.0,2022-12-31 00:00:00
00131.HK,00131,卓能(集团),10007411,2023-06-30 00:00:00,001,6-30,004020003,递延税项负债,853837380.18,2022-12-31 00:00:00
00131.HK,00131,卓能(集团),10007411,2023-06-30 00:00:00,001,6-30,004020005,融资租赁负债(非流动),727442.22,2022-12-31 00:00:00
00131.HK,00131,卓能(集团),10007411,2023-06-30 00:00:00,001,6-30,004020999,非流动负债合计,1435412222.4,2022-12-31 00:00:00
00131.HK,00131,卓能(集团),10007411,2023-06-30 00:00:00,001,6-30,004025999,总负债,2322147692.94,2022-12-31 00:00:00
00131.HK,00131,卓能(集团),10007411,2023-06-30 00:00:00,001,6-30,004027999,少数股东权益,192603465.96,2022-12-31 00:00:00
00131.HK,00131,卓能(集团),10007411,2023-06-30 00:00:00,001,6-30,004028999,净资产,6253292470.8,2022-12-31 00:00:00
00131.HK,00131,卓能(集团),10007411,2023-06-30 00:00:00,001,6-30,004030001,股本,2276354790.3,2022-12-31 00:00:00
00131.HK,00131,卓能(集团),10007411,2023-06-30 00:00:00,001,6-30,004030002,储备,3784334214.54,2022-12-31 00:00:00
00131.HK,00131,卓能(集团),10007411,2023-06-30 00:00:00,001,6-30,004030999,股东权益,6060689004.84,2022-12-31 00:00:00
00131.HK,00131,卓能(集团),10007411,2023-06-30 00:00:00,001,6-30,004036999,总权益,6253292470.8,2022-12-31 00:00:00
00131.HK,00131,卓能(集团),10007411,2023-06-30 00:00:00,001,6-30,004037999,总权益及非流动负债,7688704693.2,2022-12-31 00:00:00
00131.HK,00131,卓能(集团),10007411,2023-06-30 00:00:00,001,6-30,004039999,总权益及总负债,8575440163.74,2022-12-31 00:00:00
00131.HK,00131,卓能(集团),10007411,2022-06-30 00:00:00,001,6-30,004001002,物业厂房及设备,38087597.03,2021-12-31 00:00:00
00131.HK,00131,卓能(集团),10007411,2022-06-30 00:00:00,001,6-30,004001003,投资物业,5763913039.99,2021-12-31 00:00:00
00131.HK,00131,卓能(集团),10007411,2022-06-30 00:00:00,001,6-30,004001009,递延税项资产,15352370.88,2021-12-31 00:00:00
00131.HK,00131,卓能(集团),10007411,2022-06-30 00:00:00,001,6-30,004001031,其他金融资产(非流动),126917037.52,2021-12-31 00:00:00
00131.HK,00131,卓能(集团),10007411,2022-06-30 00:00:00,001,6-30,004001997,非流动资产其他项目,812430.5,2021-12-31 00:00:00
00131.HK,00131,卓能(集团),10007411,2022-06-30 00:00:00,001,6-30,004001999,非流动资产合计,5945082475.92,2021-12-31 00:00:00
00131.HK,00131,卓能(集团),10007411,2022-06-30 00:00:00,001,6-30,004002002,发展中及待售物业,1669304369.11,2021-12-31 00:00:00
00131.HK,00131,卓能(集团),10007411,2022-06-30 00:00:00,001,6-30,004002003,应收帐款,22530835.74,2021-12-31 00:00:00
00131.HK,00131,卓能(集团),10007411,2022-06-30 00:00:00,001,6-30,004002010,现金及等价物,314182267.77,2021-12-31 00:00:00
00131.HK,00131,卓能(集团),10007411,2022-06-30 00:00:00,001,6-30,004002013,指定以公允价值记账之金融资产(流动),38360402.64,2021-12-31 00:00:00
00131.HK,00131,卓能(集团),10007411,2022-06-30 00:00:00,001,6-30,004002022,其他金融资产(流动),6256570.04,2021-12-31 00:00:00
00131.HK,00131,卓能(集团),10007411,2022-06-30 00:00:00,001,6-30,004002999,流动资产合计,2050634445.3,2021-12-31 00:00:00
00131.HK,00131,卓能(集团),10007411,2022-06-30 00:00:00,001,6-30,004009999,总资产,7995716921.22,2021-12-31 00:00:00
00131.HK,00131,卓能(集团),10007411,2022-06-30 00:00:00,001,6-30,004011003,应付税项,15744903.09,2021-12-31 00:00:00
00131.HK,00131,卓能(集团),10007411,2022-06-30 00:00:00,001,6-30,004011005,应付关联方款项(流动),206493322.21,2021-12-31 00:00:00
00131.HK,00131,卓能(集团),10007411,2022-06-30 00:00:00,001,6-30,004011006,融资租赁负债(流动),1897666.61,2021-12-31 00:00:00
00131.HK,00131,卓能(集团),10007411,2022-06-30 00:00:00,001,6-30,004011008,其他应付款及应计费用,112111133.05,2021-12-31 00:00:00
00131.HK,00131,卓能(集团),10007411,2022-06-30 00:00:00,001,6-30,004011010,短期贷款,873861363.27,2021-12-31 00:00:00
00131.HK,00131,卓能(集团),10007411,2022-06-30 00:00:00,001,6-30,004011024,合同负债,132992307.28,2021-12-31 00:00:00
00131.HK,00131,卓能(集团),10007411,2022-06-30 00:00:00,001,6-30,004011999,流动负债合计,1343100695.51,2021-12-31 00:00:00
00131.HK,00131,卓能(集团),10007411,2022-06-30 00:00:00,001,6-30,004013999,净流动资产,707533749.79,2021-12-31 00:00:00
00131.HK,00131,卓能(集团),10007411,2022-06-30 00:00:00,001,6-30,004015999,总资产减流动负债,6652616225.71,2021-12-31 00:00:00
00131.HK,00131,卓能(集团),10007411,2022-06-30 00:00:00,001,6-30,004020001,长期贷款,,2021-12-31 00:00:00
00131.HK,00131,卓能(集团),10007411,2022-06-30 00:00:00,001,6-30,004020003,递延税项负债,776178995.9,2021-12-31 00:00:00
00131.HK,00131,卓能(集团),10007411,2022-06-30 00:00:00,001,6-30,004020005,融资租赁负债(非流动),2527941.64,2021-12-31 00:00:00
00131.HK,00131,卓能(集团),10007411,2022-06-30 00:00:00,001,6-30,004020999,非流动负债合计,778706937.54,2021-12-31 00:00:00
00131.HK,00131,卓能(集团),10007411,2022-06-30 00:00:00,001,6-30,004025999,总负债,2121807633.05,2021-12-31 00:00:00
00131.HK,00131,卓能(集团),10007411,2022-06-30 00:00:00,001,6-30,004027999,少数股东权益,151423362.16,2021-12-31 00:00:00
00131.HK,00131,卓能(集团),10007411,2022-06-30 00:00:00,001,6-30,004028999,净资产,5873909288.17,2021-12-31 00:00:00
00131.HK,00131,卓能(集团),10007411,2022-06-30 00:00:00,001,6-30,004030001,股本,2111451282.15,2021-12-31 00:00:00
00131.HK,00131,卓能(集团),10007411,2022-06-30 00:00:00,001,6-30,004030002,储备,3611034643.86,2021-12-31 00:00:00
00131.HK,00131,卓能(集团),10007411,2022-06-30 00:00:00,001,6-30,004030999,股东权益,5722485926.01,2021-12-31 00:00:00
00131.HK,00131,卓能(集团),10007411,2022-06-30 00:00:00,001,6-30,004036999,总权益,5873909288.17,2021-12-31 00:00:00
00131.HK,00131,卓能(集团),10007411,2022-06-30 00:00:00,001,6-30,004037999,总权益及非流动负债,6652616225.71,2021-12-31 00:00:00
00131.HK,00131,卓能(集团),10007411,2022-06-30 00:00:00,001,6-30,004039999,总权益及总负债,7995716921.22,2021-12-31 00:00:00
00131.HK,00131,卓能(集团),10007411,2021-06-30 00:00:00,001,6-30,004001002,物业厂房及设备,37972802.88,2020-12-31 00:00:00
00131.HK,00131,卓能(集团),10007411,2021-06-30 00:00:00,001,6-30,004001003,投资物业,5538074856.0,2020-12-31 00:00:00
00131.HK,00131,卓能(集团),10007411,2021-06-30 00:00:00,001,6-30,004001009,递延税项资产,14656257.12,2020-12-31 00:00:00
00131.HK,00131,卓能(集团),10007411,2021-06-30 00:00:00,001,6-30,004001031,其他金融资产(非流动),131242314.24,2020-12-31 00:00:00
00131.HK,00131,卓能(集团),10007411,2021-06-30 00:00:00,001,6-30,004001997,非流动资产其他项目,790476.0,2020-12-31 00:00:00
00131.HK,00131,卓能(集团),10007411,2021-06-30 00:00:00,001,6-30,004001999,非流动资产合计,5722736706.24,2020-12-31 00:00:00
00131.HK,00131,卓能(集团),10007411,2021-06-30 00:00:00,001,6-30,004002002,发展中及待售物业,1633906403.28,2020-12-31 00:00:00
00131.HK,00131,卓能(集团),10007411,2021-06-30 00:00:00,001,6-30,004002003,应收帐款,25645537.68,2020-12-31 00:00:00
00131.HK,00131,卓能(集团),10007411,2021-06-30 00:00:00,001,6-30,004002010,现金及等价物,1654305676.56,2020-12-31 00:00:00
00131.HK,00131,卓能(集团),10007411,2021-06-30 00:00:00,001,6-30,004002013,指定以公允价值记账之金融资产(流动),26710600.08,2020-12-31 00:00:00
00131.HK,00131,卓能(集团),10007411,2021-06-30 00:00:00,001,6-30,004002022,其他金融资产(流动),2898134.64,2020-12-31 00:00:00
00131.HK,00131,卓能(集团),10007411,2021-06-30 00:00:00,001,6-30,004002999,流动资产合计,3343466352.24,2020-12-31 00:00:00
00131.HK,00131,卓能(集团),10007411,2021-06-30 00:00:00,001,6-30,004009999,总资产,9066203058.48,2020-12-31 00:00:00
00131.HK,00131,卓能(集团),10007411,2021-06-30 00:00:00,001,6-30,004011003,应付税项,1155022729.2,2020-12-31 00:00:00
00131.HK,00131,卓能(集团),10007411,2021-06-30 00:00:00,001,6-30,004011005,应付关联方款项(流动),200929846.32,2020-12-31 00:00:00
00131.HK,00131,卓能(集团),10007411,2021-06-30 00:00:00,001,6-30,004011006,融资租赁负债(流动),1891317.84,2020-12-31 00:00:00
00131.HK,00131,卓能(集团),10007411,2021-06-30 00:00:00,001,6-30,004011008,其他应付款及应计费用,109896133.92,2020-12-31 00:00:00
00131.HK,00131,卓能(集团),10007411,2021-06-30 00:00:00,001,6-30,004011010,短期贷款,720514713.6,2020-12-31 00:00:00
00131.HK,00131,卓能(集团),10007411,2021-06-30 00:00:00,001,6-30,004011024,合同负债,129955086.48,2020-12-31 00:00:00
00131.HK,00131,卓能(集团),10007411,2021-06-30 00:00:00,001,6-30,004011999,流动负债合计,2318209827.36,2020-12-31 00:00:00
00131.HK,00131,卓能(集团),10007411,2021-06-30 00:00:00,001,6-30,004013999,净流动资产,1025256524.88,2020-12-31 00:00:00
00131.HK,00131,卓能(集团),10007411,2021-06-30 00:00:00,001,6-30,004015999,总资产减流动负债,6747993231.12,2020-12-31 00:00:00
00131.HK,00131,卓能(集团),10007411,2021-06-30 00:00:00,001,6-30,004020001,长期贷款,102549699.6,2020-12-31 00:00:00
00131.HK,00131,卓能(集团),10007411,2021-06-30 00:00:00,001,6-30,004020003,递延税项负债,774544164.24,2020-12-31 00:00:00
00131.HK,00131,卓能(集团),10007411,2021-06-30 00:00:00,001,6-30,004020005,融资租赁负债(非流动),4120460.16,2020-12-31 00:00:00
00131.HK,00131,卓能(集团),10007411,2021-06-30 00:00:00,001,6-30,004020999,非流动负债合计,881214324.0,2020-12-31 00:00:00
00131.HK,00131,卓能(集团),10007411,2021-06-30 00:00:00,001,6-30,004025999,总负债,3199424151.36,2020-12-31 00:00:00
00131.HK,00131,卓能(集团),10007411,2021-06-30 00:00:00,001,6-30,004027999,少数股东权益,147368856.72,2020-12-31 00:00:00
00131.HK,00131,卓能(集团),10007411,2021-06-30 00:00:00,001,6-30,004028999,净资产,5866778907.12,2020-12-31 00:00:00
00131.HK,00131,卓能(集团),10007411,2021-06-30 00:00:00,001,6-30,004030001,股本,2054393038.8,2020-12-31 00:00:00
00131.HK,00131,卓能(集团),10007411,2021-06-30 00:00:00,001,6-30,004030002,储备,3665017011.6,2020-12-31 00:00:00
00131.HK,00131,卓能(集团),10007411,2021-06-30 00:00:00,001,6-30,004030999,股东权益,5719410050.4,2020-12-31 00:00:00
00131.HK,00131,卓能(集团),10007411,2021-06-30 00:00:00,001,6-30,004036999,总权益,5866778907.12,2020-12-31 00:00:00
00131.HK,00131,卓能(集团),10007411,2021-06-30 00:00:00,001,6-30,004037999,总权益及非流动负债,6747993231.12,2020-12-31 00:00:00
00131.HK,00131,卓能(集团),10007411,2021-06-30 00:00:00,001,6-30,004039999,总权益及总负债,9066203058.48,2020-12-31 00:00:00
00131.HK,00131,卓能(集团),10007411,2020-06-30 00:00:00,001,6-30,004001002,物业厂房及设备,38697885.6,2019-12-31 00:00:00
00131.HK,00131,卓能(集团),10007411,2020-06-30 00:00:00,001,6-30,004001003,投资物业,6471608220.0,2019-12-31 00:00:00
00131.HK,00131,卓能(集团),10007411,2020-06-30 00:00:00,001,6-30,004001009,递延税项资产,14879937.6,2019-12-31 00:00:00
00131.HK,00131,卓能(集团),10007411,2020-06-30 00:00:00,001,6-30,004001031,其他金融资产(非流动),168284878.08,2019-12-31 00:00:00
00131.HK,00131,卓能(集团),10007411,2020-06-30 00:00:00,001,6-30,004001997,非流动资产其他项目,867768.0,2019-12-31 00:00:00
00131.HK,00131,卓能(集团),10007411,2020-06-30 00:00:00,001,6-30,004001999,非流动资产合计,6694338689.28,2019-12-31 00:00:00
00131.HK,00131,卓能(集团),10007411,2020-06-30 00:00:00,001,6-30,004002002,发展中及待售物业,1833497872.8,2019-12-31 00:00:00
00131.HK,00131,卓能(集团),10007411,2020-06-30 00:00:00,001,6-30,004002003,应收帐款,27707375.52,2019-12-31 00:00:00
00131.HK,00131,卓能(集团),10007411,2020-06-30 00:00:00,001,6-30,004002010,现金及等价物,1129621104.48,2019-12-31 00:00:00
00131.HK,00131,卓能(集团),10007411,2020-06-30 00:00:00,001,6-30,004002013,指定以公允价值记账之金融资产(流动),418397538.24,2019-12-31 00:00:00
00131.HK,00131,卓能(集团),10007411,2020-06-30 00:00:00,001,6-30,004002022,其他金融资产(流动),5911783.68,2019-12-31 00:00:00
00131.HK,00131,卓能(集团),10007411,2020-06-30 00:00:00,001,6-30,004002999,流动资产合计,3415135674.72,2019-12-31 00:00:00
00131.HK,00131,卓能(集团),10007411,2020-06-30 00:00:00,001,6-30,004009999,总资产,10109474364.0,2019-12-31 00:00:00
00131.HK,00131,卓能(集团),10007411,2020-06-30 00:00:00,001,6-30,004011003,应付税项,903752968.8,2019-12-31 00:00:00
00131.HK,00131,卓能(集团),10007411,2020-06-30 00:00:00,001,6-30,004011005,应付关联方款项(流动),220629557.28,2019-12-31 00:00:00
00131.HK,00131,卓能(集团),10007411,2020-06-30 00:00:00,001,6-30,004011006,融资租赁负债(流动),2399606.88,2019-12-31 00:00:00
00131.HK,00131,卓能(集团),10007411,2020-06-30 00:00:00,001,6-30,004011008,其他应付款及应计费用,138487551.84,2019-12-31 00:00:00
00131.HK,00131,卓能(集团),10007411,2020-06-30 00:00:00,001,6-30,004011010,短期贷款,1152688204.8,2019-12-31 00:00:00
00131.HK,00131,卓能(集团),10007411,2020-06-30 00:00:00,001,6-30,004011024,合同负债,398689156.8,2019-12-31 00:00:00
00131.HK,00131,卓能(集团),10007411,2020-06-30 00:00:00,001,6-30,004011999,流动负债合计,2816647046.4,2019-12-31 00:00:00
00131.HK,00131,卓能(集团),10007411,2020-06-30 00:00:00,001,6-30,004013999,净流动资产,598488628.32,2019-12-31 00:00:00
00131.HK,00131,卓能(集团),10007411,2020-06-30 00:00:00,001,6-30,004015999,总资产减流动负债,7292827317.6,2019-12-31 00:00:00
00131.HK,00131,卓能(集团),10007411,2020-06-30 00:00:00,001,6-30,004016999,总资产减总负债合计,6149201351.04,2019-12-31 00:00:00
00131.HK,00131,卓能(集团),10007411,2020-06-30 00:00:00,001,6-30,004020001,长期贷款,164906063.52,2019-12-31 00:00:00
00131.HK,00131,卓能(集团),10007411,2020-06-30 00:00:00,001,6-30,004020003,递延税项负债,977802809.28,2019-12-31 00:00:00
00131.HK,00131,卓能(集团),10007411,2020-06-30 00:00:00,001,6-30,004020005,融资租赁负债(非流动),917093.76,2019-12-31 00:00:00
00131.HK,00131,卓能(集团),10007411,2020-06-30 00:00:00,001,6-30,004020999,非流动负债合计,1143625966.56,2019-12-31 00:00:00
00131.HK,00131,卓能(集团),10007411,2020-06-30 00:00:00,001,6-30,004025999,总负债,3960273012.96,2019-12-31 00:00:00
00131.HK,00131,卓能(集团),10007411,2020-06-30 00:00:00,001,6-30,004027999,少数股东权益,161033077.92,2019-12-31 00:00:00
00131.HK,00131,卓能(集团),10007411,2020-06-30 00:00:00,001,6-30,004028999,净资产,6149201351.04,2019-12-31 00:00:00
00131.HK,00131,卓能(集团),10007411,2020-06-30 00:00:00,001,6-30,004030001,股本,2230210345.44,2019-12-31 00:00:00
00131.HK,00131,卓能(集团),10007411,2020-06-30 00:00:00,001,6-30,004030002,储备,3757957927.68,2019-12-31 00:00:00
00131.HK,00131,卓能(集团),10007411,2020-06-30 00:00:00,001,6-30,004030999,股东权益,5988168273.12,2019-12-31 00:00:00
00131.HK,00131,卓能(集团),10007411,2020-06-30 00:00:00,001,6-30,004036999,总权益,6149201351.04,2019-12-31 00:00:00
00131.HK,00131,卓能(集团),10007411,2020-06-30 00:00:00,001,6-30,004037999,总权益及非流动负债,7292827317.6,2019-12-31 00:00:00
00131.HK,00131,卓能(集团),10007411,2020-06-30 00:00:00,001,6-30,004039999,总权益及总负债,10109474364.0,2019-12-31 00:00:00
00131.HK,00131,卓能(集团),10007411,2019-06-30 00:00:00,001,6-30,004001002,物业厂房及设备,34415817.84,2018-12-31 00:00:00
00131.HK,00131,卓能(集团),10007411,2019-06-30 00:00:00,001,6-30,004001003,投资物业,6737677480.26,2018-12-31 00:00:00
00131.HK,00131,卓能(集团),10007411,2019-06-30 00:00:00,001,6-30,004001009,递延税项资产,13001374.8,2018-12-31 00:00:00
00131.HK,00131,卓能(集团),10007411,2019-06-30 00:00:00,001,6-30,004001031,其他金融资产(非流动),151232906.52,2018-12-31 00:00:00
00131.HK,00131,卓能(集团),10007411,2019-06-30 00:00:00,001,6-30,004001997,非流动资产其他项目,835677.0,2018-12-31 00:00:00
00131.HK,00131,卓能(集团),10007411,2019-06-30 00:00:00,001,6-30,004001999,非流动资产合计,6937163256.42,2018-12-31 00:00:00
00131.HK,00131,卓能(集团),10007411,2019-06-30 00:00:00,001,6-30,004002002,发展中及待售物业,1708131704.94,2018-12-31 00:00:00
00131.HK,00131,卓能(集团),10007411,2019-06-30 00:00:00,001,6-30,004002003,应收帐款,40287548.34,2018-12-31 00:00:00
00131.HK,00131,卓能(集团),10007411,2019-06-30 00:00:00,001,6-30,004002010,现金及等价物,523797065.64,2018-12-31 00:00:00
00131.HK,00131,卓能(集团),10007411,2019-06-30 00:00:00,001,6-30,004002013,指定以公允价值记账之金融资产(流动),220105886.22,2018-12-31 00:00:00
00131.HK,00131,卓能(集团),10007411,2019-06-30 00:00:00,001,6-30,004002022,其他金融资产(流动),1430327.16,2018-12-31 00:00:00
00131.HK,00131,卓能(集团),10007411,2019-06-30 00:00:00,001,6-30,004002999,流动资产合计,2493752532.3,2018-12-31 00:00:00
00131.HK,00131,卓能(集团),10007411,2019-06-30 00:00:00,001,6-30,004009999,总资产,9430915788.72,2018-12-31 00:00:00
00131.HK,00131,卓能(集团),10007411,2019-06-30 00:00:00,001,6-30,004011003,应付税项,465640983.72,2018-12-31 00:00:00
00131.HK,00131,卓能(集团),10007411,2019-06-30 00:00:00,001,6-30,004011005,应付关联方款项(流动),212324413.86,2018-12-31 00:00:00
00131.HK,00131,卓能(集团),10007411,2019-06-30 00:00:00,001,6-30,004011006,融资租赁负债(流动),,2018-12-31 00:00:00
00131.HK,00131,卓能(集团),10007411,2019-06-30 00:00:00,001,6-30,004011008,其他应付款及应计费用,168250808.88,2018-12-31 00:00:00
00131.HK,00131,卓能(集团),10007411,2019-06-30 00:00:00,001,6-30,004011010,短期贷款,1023648906.42,2018-12-31 00:00:00
00131.HK,00131,卓能(集团),10007411,2019-06-30 00:00:00,001,6-30,004011024,合同负债,269703756.0,2018-12-31 00:00:00
00131.HK,00131,卓能(集团),10007411,2019-06-30 00:00:00,001,6-30,004011999,流动负债合计,2139568868.88,2018-12-31 00:00:00
00131.HK,00131,卓能(集团),10007411,2019-06-30 00:00:00,001,6-30,004013999,净流动资产,354183663.42,2018-12-31 00:00:00
00131.HK,00131,卓能(集团),10007411,2019-06-30 00:00:00,001,6-30,004015999,总资产减流动负债,7291346919.84,2018-12-31 00:00:00
00131.HK,00131,卓能(集团),10007411,2019-06-30 00:00:00,001,6-30,004016999,总资产减总负债合计,6007821818.94,2018-12-31 00:00:00
00131.HK,00131,卓能(集团),10007411,2019-06-30 00:00:00,001,6-30,004020001,长期贷款,148917641.4,2018-12-31 00:00:00
00131.HK,00131,卓能(集团),10007411,2019-06-30 00:00:00,001,6-30,004020003,递延税项负债,1134607459.5,2018-12-31 00:00:00
00131.HK,00131,卓能(集团),10007411,2019-06-30 00:00:00,001,6-30,004020005,融资租赁负债(非流动),,2018-12-31 00:00:00
00131.HK,00131,卓能(集团),10007411,2019-06-30 00:00:00,001,6-30,004020999,非流动负债合计,1283525100.9,2018-12-31 00:00:00
00131.HK,00131,卓能(集团),10007411,2019-06-30 00:00:00,001,6-30,004025999,总负债,3423093969.78,2018-12-31 00:00:00
00131.HK,00131,卓能(集团),10007411,2019-06-30 00:00:00,001,6-30,004027999,少数股东权益,167999226.12,2018-12-31 00:00:00
00131.HK,00131,卓能(集团),10007411,2019-06-30 00:00:00,001,6-30,004028999,净资产,6007821818.94,2018-12-31 00:00:00
00131.HK,00131,卓能(集团),10007411,2019-06-30 00:00:00,001,6-30,004030001,股本,2046516674.76,2018-12-31 00:00:00
00131.HK,00131,卓能(集团),10007411,2019-06-30 00:00:00,001,6-30,004030002,储备,3793305918.06,2018-12-31 00:00:00
00131.HK,00131,卓能(集团),10007411,2019-06-30 00:00:00,001,6-30,004030999,股东权益,5839822592.82,2018-12-31 00:00:00
00131.HK,00131,卓能(集团),10007411,2019-06-30 00:00:00,001,6-30,004036999,总权益,6007821818.94,2018-12-31 00:00:00
00131.HK,00131,卓能(集团),10007411,2019-06-30 00:00:00,001,6-30,004037999,总权益及非流动负债,7291346919.84,2018-12-31 00:00:00
00131.HK,00131,卓能(集团),10007411,2019-06-30 00:00:00,001,6-30,004039999,总权益及总负债,9430915788.72,2018-12-31 00:00:00
00131.HK,00131,卓能(集团),10007411,2018-06-30 00:00:00,001,6-30,004001002,物业厂房及设备,31446786.9,2017-12-31 00:00:00
00131.HK,00131,卓能(集团),10007411,2018-06-30 00:00:00,001,6-30,004001003,投资物业,5982280968.7,2017-12-31 00:00:00
00131.HK,00131,卓能(集团),10007411,2018-06-30 00:00:00,001,6-30,004001009,递延税项资产,10918988.1,2017-12-31 00:00:00
00131.HK,00131,卓能(集团),10007411,2018-06-30 00:00:00,001,6-30,004001031,其他金融资产(非流动),141749559.9,2017-12-31 00:00:00
00131.HK,00131,卓能(集团),10007411,2018-06-30 00:00:00,001,6-30,004001997,非流动资产其他项目,800945.0,2017-12-31 00:00:00
00131.HK,00131,卓能(集团),10007411,2018-06-30 00:00:00,001,6-30,004001999,非流动资产合计,6167197248.6,2017-12-31 00:00:00
00131.HK,00131,卓能(集团),10007411,2018-06-30 00:00:00,001,6-30,004002002,发展中及待售物业,1681374938.7,2017-12-31 00:00:00
00131.HK,00131,卓能(集团),10007411,2018-06-30 00:00:00,001,6-30,004002003,应收帐款,37476638.1,2017-12-31 00:00:00
00131.HK,00131,卓能(集团),10007411,2018-06-30 00:00:00,001,6-30,004002010,现金及等价物,610422948.2,2017-12-31 00:00:00
00131.HK,00131,卓能(集团),10007411,2018-06-30 00:00:00,001,6-30,004002013,指定以公允价值记账之金融资产(流动),6009616.8,2017-12-31 00:00:00
00131.HK,00131,卓能(集团),10007411,2018-06-30 00:00:00,001,6-30,004002022,其他金融资产(流动),,2017-12-31 00:00:00
00131.HK,00131,卓能(集团),10007411,2018-06-30 00:00:00,001,6-30,004002999,流动资产合计,2335284141.8,2017-12-31 00:00:00
00131.HK,00131,卓能(集团),10007411,2018-06-30 00:00:00,001,6-30,004009999,总资产,8502481390.4,2017-12-31 00:00:00
00131.HK,00131,卓能(集团),10007411,2018-06-30 00:00:00,001,6-30,004011003,应付税项,359662244.5,2017-12-31 00:00:00
00131.HK,00131,卓能(集团),10007411,2018-06-30 00:00:00,001,6-30,004011005,应付关联方款项(流动),203559750.2,2017-12-31 00:00:00
00131.HK,00131,卓能(集团),10007411,2018-06-30 00:00:00,001,6-30,004011008,其他应付款及应计费用,290860225.9,2017-12-31 00:00:00
00131.HK,00131,卓能(集团),10007411,2018-06-30 00:00:00,001,6-30,004011010,短期贷款,1014600029.6,2017-12-31 00:00:00
00131.HK,00131,卓能(集团),10007411,2018-06-30 00:00:00,001,6-30,004011024,合同负债,,2017-12-31 00:00:00
00131.HK,00131,卓能(集团),10007411,2018-06-30 00:00:00,001,6-30,004011999,流动负债合计,1868682250.2,2017-12-31 00:00:00
00131.HK,00131,卓能(集团),10007411,2018-06-30 00:00:00,001,6-30,004013999,净流动资产,466601891.6,2017-12-31 00:00:00
00131.HK,00131,卓能(集团),10007411,2018-06-30 00:00:00,001,6-30,004015999,总资产减流动负债,6633799140.2,2017-12-31 00:00:00
00131.HK,00131,卓能(集团),10007411,2018-06-30 00:00:00,001,6-30,004016999,总资产减总负债合计,5515921889.9,2017-12-31 00:00:00
00131.HK,00131,卓能(集团),10007411,2018-06-30 00:00:00,001,6-30,004020001,长期贷款,116908461.5,2017-12-31 00:00:00
00131.HK,00131,卓能(集团),10007411,2018-06-30 00:00:00,001,6-30,004020003,递延税项负债,1000968788.8,2017-12-31 00:00:00
00131.HK,00131,卓能(集团),10007411,2018-06-30 00:00:00,001,6-30,004020999,非流动负债合计,1117877250.3,2017-12-31 00:00:00
00131.HK,00131,卓能(集团),10007411,2018-06-30 00:00:00,001,6-30,004025999,总负债,2986559500.5,2017-12-31 00:00:00
00131.HK,00131,卓能(集团),10007411,2018-06-30 00:00:00,001,6-30,004027999,少数股东权益,136774426.8,2017-12-31 00:00:00
00131.HK,00131,卓能(集团),10007411,2018-06-30 00:00:00,001,6-30,004028999,净资产,5515921889.9,2017-12-31 00:00:00
00131.HK,00131,卓能(集团),10007411,2018-06-30 00:00:00,001,6-30,004030001,股本,1872751893.9,2017-12-31 00:00:00
00131.HK,00131,卓能(集团),10007411,2018-06-30 00:00:00,001,6-30,004030002,储备,3506395569.2,2017-12-31 00:00:00
00131.HK,00131,卓能(集团),10007411,2018-06-30 00:00:00,001,6-30,004030999,股东权益,5379147463.1,2017-12-31 00:00:00
00131.HK,00131,卓能(集团),10007411,2018-06-30 00:00:00,001,6-30,004036999,总权益,5515921889.9,2017-12-31 00:00:00
00131.HK,00131,卓能(集团),10007411,2018-06-30 00:00:00,001,6-30,004037999,总权益及非流动负债,6633799140.2,2017-12-31 00:00:00
00131.HK,00131,卓能(集团),10007411,2018-06-30 00:00:00,001,6-30,004039999,总权益及总负债,8502481390.4,2017-12-31 00:00:00
00131.HK,00131,卓能(集团),10007411,2017-06-30 00:00:00,001,6-30,004001002,物业厂房及设备,27078236.08,2016-12-31 00:00:00
00131.HK,00131,卓能(集团),10007411,2017-06-30 00:00:00,001,6-30,004001003,投资物业,4899281683.68,2016-12-31 00:00:00
00131.HK,00131,卓能(集团),10007411,2017-06-30 00:00:00,001,6-30,004001009,递延税项资产,10182437.44,2016-12-31 00:00:00
00131.HK,00131,卓能(集团),10007411,2017-06-30 00:00:00,001,6-30,004001031,其他金融资产(非流动),115220719.6,2016-12-31 00:00:00
00131.HK,00131,卓能(集团),10007411,2017-06-30 00:00:00,001,6-30,004001997,非流动资产其他项目,824524.0,2016-12-31 00:00:00
00131.HK,00131,卓能(集团),10007411,2017-06-30 00:00:00,001,6-30,004001999,非流动资产合计,5052587600.8,2016-12-31 00:00:00
00131.HK,00131,卓能(集团),10007411,2017-06-30 00:00:00,001,6-30,004002002,发展中及待售物业,1817053878.16,2016-12-31 00:00:00
00131.HK,00131,卓能(集团),10007411,2017-06-30 00:00:00,001,6-30,004002003,应收帐款,26229410.32,2016-12-31 00:00:00
00131.HK,00131,卓能(集团),10007411,2017-06-30 00:00:00,001,6-30,004002007,预缴及应收税项,59018.56,2016-12-31 00:00:00
00131.HK,00131,卓能(集团),10007411,2017-06-30 00:00:00,001,6-30,004002010,现金及等价物,793023711.52,2016-12-31 00:00:00
00131.HK,00131,卓能(集团),10007411,2017-06-30 00:00:00,001,6-30,004002013,指定以公允价值记账之金融资产(流动),13142912.56,2016-12-31 00:00:00
00131.HK,00131,卓能(集团),10007411,2017-06-30 00:00:00,001,6-30,004002999,流动资产合计,2649508931.12,2016-12-31 00:00:00
00131.HK,00131,卓能(集团),10007411,2017-06-30 00:00:00,001,6-30,004009999,总资产,7702096531.92,2016-12-31 00:00:00
00131.HK,00131,卓能(集团),10007411,2017-06-30 00:00:00,001,6-30,004011003,应付税项,365236358.56,2016-12-31 00:00:00
00131.HK,00131,卓能(集团),10007411,2017-06-30 00:00:00,001,6-30,004011005,应付关联方款项(流动),209566227.36,2016-12-31 00:00:00
00131.HK,00131,卓能(集团),10007411,2017-06-30 00:00:00,001,6-30,004011008,其他应付款及应计费用,315478504.96,2016-12-31 00:00:00
00131.HK,00131,卓能(集团),10007411,2017-06-30 00:00:00,001,6-30,004011010,短期贷款,425099404.72,2016-12-31 00:00:00
00131.HK,00131,卓能(集团),10007411,2017-06-30 00:00:00,001,6-30,004011999,流动负债合计,1315380495.6,2016-12-31 00:00:00
00131.HK,00131,卓能(集团),10007411,2017-06-30 00:00:00,001,6-30,004013999,净流动资产,1334128435.52,2016-12-31 00:00:00
00131.HK,00131,卓能(集团),10007411,2017-06-30 00:00:00,001,6-30,004015999,总资产减流动负债,6386716036.32,2016-12-31 00:00:00
00131.HK,00131,卓能(集团),10007411,2017-06-30 00:00:00,001,6-30,004016999,总资产减总负债合计,5004169815.68,2016-12-31 00:00:00
00131.HK,00131,卓能(集团),10007411,2017-06-30 00:00:00,001,6-30,004020001,长期贷款,720656541.92,2016-12-31 00:00:00
00131.HK,00131,卓能(集团),10007411,2017-06-30 00:00:00,001,6-30,004020003,递延税项负债,658444036.32,2016-12-31 00:00:00
00131.HK,00131,卓能(集团),10007411,2017-06-30 00:00:00,001,6-30,004020009,长期应付款,3445642.4,2016-12-31 00:00:00
00131.HK,00131,卓能(集团),10007411,2017-06-30 00:00:00,001,6-30,004020999,非流动负债合计,1382546220.64,2016-12-31 00:00:00
00131.HK,00131,卓能(集团),10007411,2017-06-30 00:00:00,001,6-30,004025999,总负债,2697926716.24,2016-12-31 00:00:00
00131.HK,00131,卓能(集团),10007411,2017-06-30 00:00:00,001,6-30,004027999,少数股东权益,136471740.8,2016-12-31 00:00:00
00131.HK,00131,卓能(集团),10007411,2017-06-30 00:00:00,001,6-30,004028999,净资产,5004169815.68,2016-12-31 00:00:00
00131.HK,00131,卓能(集团),10007411,2017-06-30 00:00:00,001,6-30,004030001,股本,1779251622.56,2016-12-31 00:00:00
00131.HK,00131,卓能(集团),10007411,2017-06-30 00:00:00,001,6-30,004030002,储备,3088446452.32,2016-12-31 00:00:00
00131.HK,00131,卓能(集团),10007411,2017-06-30 00:00:00,001,6-30,004030999,股东权益,4867698074.88,2016-12-31 00:00:00
00131.HK,00131,卓能(集团),10007411,2017-06-30 00:00:00,001,6-30,004036999,总权益,5004169815.68,2016-12-31 00:00:00
00131.HK,00131,卓能(集团),10007411,2017-06-30 00:00:00,001,6-30,004037999,总权益及非流动负债,6386716036.32,2016-12-31 00:00:00
00131.HK,00131,卓能(集团),10007411,2017-06-30 00:00:00,001,6-30,004039999,总权益及总负债,7702096531.92,2016-12-31 00:00:00
00131.HK,00131,卓能(集团),10007411,2016-06-30 00:00:00,001,6-30,004001002,物业厂房及设备,28062234.78,2015-12-31 00:00:00
00131.HK,00131,卓能(集团),10007411,2016-06-30 00:00:00,001,6-30,004001003,投资物业,4742833051.05,2015-12-31 00:00:00
00131.HK,00131,卓能(集团),10007411,2016-06-30 00:00:00,001,6-30,004001009,递延税项资产,9068048.7,2015-12-31 00:00:00
00131.HK,00131,卓能(集团),10007411,2016-06-30 00:00:00,001,6-30,004001031,其他金融资产(非流动),23892299.85,2015-12-31 00:00:00
00131.HK,00131,卓能(集团),10007411,2016-06-30 00:00:00,001,6-30,004001997,非流动资产其他项目,811936.5,2015-12-31 00:00:00
00131.HK,00131,卓能(集团),10007411,2016-06-30 00:00:00,001,6-30,004001999,非流动资产合计,4804667570.88,2015-12-31 00:00:00
00131.HK,00131,卓能(集团),10007411,2016-06-30 00:00:00,001,6-30,004002002,发展中及待售物业,1990744370.85,2015-12-31 00:00:00
00131.HK,00131,卓能(集团),10007411,2016-06-30 00:00:00,001,6-30,004002003,应收帐款,125402310.42,2015-12-31 00:00:00
00131.HK,00131,卓能(集团),10007411,2016-06-30 00:00:00,001,6-30,004002007,预缴及应收税项,354688.05,2015-12-31 00:00:00
00131.HK,00131,卓能(集团),10007411,2016-06-30 00:00:00,001,6-30,004002010,现金及等价物,882542498.04,2015-12-31 00:00:00
00131.HK,00131,卓能(集团),10007411,2016-06-30 00:00:00,001,6-30,004002013,指定以公允价值记账之金融资产(流动),17067759.9,2015-12-31 00:00:00
00131.HK,00131,卓能(集团),10007411,2016-06-30 00:00:00,001,6-30,004002999,流动资产合计,3016111627.26,2015-12-31 00:00:00
00131.HK,00131,卓能(集团),10007411,2016-06-30 00:00:00,001,6-30,004009999,总资产,7820779198.14,2015-12-31 00:00:00
00131.HK,00131,卓能(集团),10007411,2016-06-30 00:00:00,001,6-30,004011001,应付帐款,1365686594.37,2015-12-31 00:00:00
00131.HK,00131,卓能(集团),10007411,2016-06-30 00:00:00,001,6-30,004011003,应付税项,737580.21,2015-12-31 00:00:00
00131.HK,00131,卓能(集团),10007411,2016-06-30 00:00:00,001,6-30,004011005,应付关联方款项(流动),206413915.71,2015-12-31 00:00:00
00131.HK,00131,卓能(集团),10007411,2016-06-30 00:00:00,001,6-30,004011010,短期贷款,356957198.85,2015-12-31 00:00:00
00131.HK,00131,卓能(集团),10007411,2016-06-30 00:00:00,001,6-30,004011999,流动负债合计,1929795289.14,2015-12-31 00:00:00
00131.HK,00131,卓能(集团),10007411,2016-06-30 00:00:00,001,6-30,004013999,净流动资产,1086316338.12,2015-12-31 00:00:00
00131.HK,00131,卓能(集团),10007411,2016-06-30 00:00:00,001,6-30,004015999,总资产减流动负债,5890983909.0,2015-12-31 00:00:00
00131.HK,00131,卓能(集团),10007411,2016-06-30 00:00:00,001,6-30,004016999,总资产减总负债合计,4530614216.7,2015-12-31 00:00:00
00131.HK,00131,卓能(集团),10007411,2016-06-30 00:00:00,001,6-30,004020001,长期贷款,664145254.26,2015-12-31 00:00:00
00131.HK,00131,卓能(集团),10007411,2016-06-30 00:00:00,001,6-30,004020003,递延税项负债,687095707.77,2015-12-31 00:00:00
00131.HK,00131,卓能(集团),10007411,2016-06-30 00:00:00,001,6-30,004020009,长期应付款,9128730.27,2015-12-31 00:00:00
00131.HK,00131,卓能(集团),10007411,2016-06-30 00:00:00,001,6-30,004020999,非流动负债合计,1360369692.3,2015-12-31 00:00:00
00131.HK,00131,卓能(集团),10007411,2016-06-30 00:00:00,001,6-30,004025999,总负债,3290164981.44,2015-12-31 00:00:00
00131.HK,00131,卓能(集团),10007411,2016-06-30 00:00:00,001,6-30,004027999,少数股东权益,126958664.49,2015-12-31 00:00:00
00131.HK,00131,卓能(集团),10007411,2016-06-30 00:00:00,001,6-30,004028999,净资产,4530614216.7,2015-12-31 00:00:00
00131.HK,00131,卓能(集团),10007411,2016-06-30 00:00:00,001,6-30,004030001,股本,1632970107.48,2015-12-31 00:00:00
00131.HK,00131,卓能(集团),10007411,2016-06-30 00:00:00,001,6-30,004030002,储备,2770685444.73,2015-12-31 00:00:00
00131.HK,00131,卓能(集团),10007411,2016-06-30 00:00:00,001,6-30,004030999,股东权益,4403655552.21,2015-12-31 00:00:00
00131.HK,00131,卓能(集团),10007411,2016-06-30 00:00:00,001,6-30,004036999,总权益,4530614216.7,2015-12-31 00:00:00
00131.HK,00131,卓能(集团),10007411,2016-06-30 00:00:00,001,6-30,004037999,总权益及非流动负债,5890983909.0,2015-12-31 00:00:00
00131.HK,00131,卓能(集团),10007411,2016-06-30 00:00:00,001,6-30,004039999,总权益及总负债,7820779198.14,2015-12-31 00:00:00
00131.HK,00131,卓能(集团),10007411,2015-06-30 00:00:00,001,6-30,004001002,物业厂房及设备,25497338.52,2014-12-31 00:00:00
00131.HK,00131,卓能(集团),10007411,2015-06-30 00:00:00,001,6-30,004001003,投资物业,3188867558.16,2014-12-31 00:00:00
00131.HK,00131,卓能(集团),10007411,2015-06-30 00:00:00,001,6-30,004001009,递延税项资产,6871158.93,2014-12-31 00:00:00
00131.HK,00131,卓能(集团),10007411,2015-06-30 00:00:00,001,6-30,004001031,其他金融资产(非流动),,2014-12-31 00:00:00
00131.HK,00131,卓能(集团),10007411,2015-06-30 00:00:00,001,6-30,004001997,非流动资产其他项目,749179.5,2014-12-31 00:00:00
00131.HK,00131,卓能(集团),10007411,2015-06-30 00:00:00,001,6-30,004001999,非流动资产合计,3221985235.11,2014-12-31 00:00:00
00131.HK,00131,卓能(集团),10007411,2015-06-30 00:00:00,001,6-30,004002002,发展中及待售物业,2124225920.13,2014-12-31 00:00:00
00131.HK,00131,卓能(集团),10007411,2015-06-30 00:00:00,001,6-30,004002003,应收帐款,47844180.09,2014-12-31 00:00:00
00131.HK,00131,卓能(集团),10007411,2015-06-30 00:00:00,001,6-30,004002007,预缴及应收税项,295728.75,2014-12-31 00:00:00
00131.HK,00131,卓能(集团),10007411,2015-06-30 00:00:00,001,6-30,004002010,现金及等价物,69763595.04,2014-12-31 00:00:00
00131.HK,00131,卓能(集团),10007411,2015-06-30 00:00:00,001,6-30,004002013,指定以公允价值记账之金融资产(流动),11734516.8,2014-12-31 00:00:00
00131.HK,00131,卓能(集团),10007411,2015-06-30 00:00:00,001,6-30,004002018,持作出售的资产(流动),631651374.48,2014-12-31 00:00:00
00131.HK,00131,卓能(集团),10007411,2015-06-30 00:00:00,001,6-30,004002999,流动资产合计,2885515315.29,2014-12-31 00:00:00
00131.HK,00131,卓能(集团),10007411,2015-06-30 00:00:00,001,6-30,004009999,总资产,6107500550.4,2014-12-31 00:00:00
00131.HK,00131,卓能(集团),10007411,2015-06-30 00:00:00,001,6-30,004011001,应付帐款,70687057.35,2014-12-31 00:00:00
00131.HK,00131,卓能(集团),10007411,2015-06-30 00:00:00,001,6-30,004011003,应付税项,693188.19,2014-12-31 00:00:00
00131.HK,00131,卓能(集团),10007411,2015-06-30 00:00:00,001,6-30,004011005,应付关联方款项(流动),190099960.77,2014-12-31 00:00:00
00131.HK,00131,卓能(集团),10007411,2015-06-30 00:00:00,001,6-30,004011010,短期贷款,1426969291.14,2014-12-31 00:00:00
00131.HK,00131,卓能(集团),10007411,2015-06-30 00:00:00,001,6-30,004011016,衍生金融工具-负债(流动),242891.88,2014-12-31 00:00:00
00131.HK,00131,卓能(集团),10007411,2015-06-30 00:00:00,001,6-30,004011017,持作出售的负债(流动),257403881.22,2014-12-31 00:00:00
00131.HK,00131,卓能(集团),10007411,2015-06-30 00:00:00,001,6-30,004011999,流动负债合计,1946096270.55,2014-12-31 00:00:00
00131.HK,00131,卓能(集团),10007411,2015-06-30 00:00:00,001,6-30,004013999,净流动资产,939419044.74,2014-12-31 00:00:00
00131.HK,00131,卓能(集团),10007411,2015-06-30 00:00:00,001,6-30,004015999,总资产减流动负债,4161404279.85,2014-12-31 00:00:00
00131.HK,00131,卓能(集团),10007411,2015-06-30 00:00:00,001,6-30,004020001,长期贷款,113582709.69,2014-12-31 00:00:00
00131.HK,00131,卓能(集团),10007411,2015-06-30 00:00:00,001,6-30,004020003,递延税项负债,20664736.44,2014-12-31 00:00:00
00131.HK,00131,卓能(集团),10007411,2015-06-30 00:00:00,001,6-30,004020009,长期应付款,13057015.77,2014-12-31 00:00:00
00131.HK,00131,卓能(集团),10007411,2015-06-30 00:00:00,001,6-30,004020999,非流动负债合计,147304461.9,2014-12-31 00:00:00
00131.HK,00131,卓能(集团),10007411,2015-06-30 00:00:00,001,6-30,004025999,总负债,2093400732.45,2014-12-31 00:00:00
00131.HK,00131,卓能(集团),10007411,2015-06-30 00:00:00,001,6-30,004027999,少数股东权益,95841350.52,2014-12-31 00:00:00
00131.HK,00131,卓能(集团),10007411,2015-06-30 00:00:00,001,6-30,004028999,净资产,4014099817.95,2014-12-31 00:00:00
00131.HK,00131,卓能(集团),10007411,2015-06-30 00:00:00,001,6-30,004030001,股本,1425449639.67,2014-12-31 00:00:00
00131.HK,00131,卓能(集团),10007411,2015-06-30 00:00:00,001,6-30,004030002,储备,2492808827.76,2014-12-31 00:00:00
00131.HK,00131,卓能(集团),10007411,2015-06-30 00:00:00,001,6-30,004030999,股东权益,3918258467.43,2014-12-31 00:00:00
00131.HK,00131,卓能(集团),10007411,2015-06-30 00:00:00,001,6-30,004036999,总权益,4014099817.95,2014-12-31 00:00:00
00131.HK,00131,卓能(集团),10007411,2015-06-30 00:00:00,001,6-30,004037999,总权益及非流动负债,4161404279.85,2014-12-31 00:00:00
00131.HK,00131,卓能(集团),10007411,2015-06-30 00:00:00,001,6-30,004039999,总权益及总负债,6107500550.4,2014-12-31 00:00:00
00131.HK,00131,卓能(集团),10007411,2014-06-30 00:00:00,001,6-30,004001002,物业厂房及设备,104317800.0,2013-12-31 00:00:00
00131.HK,00131,卓能(集团),10007411,2014-06-30 00:00:00,001,6-30,004001003,投资物业,3462971706.25,2013-12-31 00:00:00
00131.HK,00131,卓能(集团),10007411,2014-06-30 00:00:00,001,6-30,004001009,递延税项资产,5533231.25,2013-12-31 00:00:00
00131.HK,00131,卓能(集团),10007411,2014-06-30 00:00:00,001,6-30,004001997,非流动资产其他项目,754062.5,2013-12-31 00:00:00
00131.HK,00131,卓能(集团),10007411,2014-06-30 00:00:00,001,6-30,004001999,非流动资产合计,3573576800.0,2013-12-31 00:00:00
00131.HK,00131,卓能(集团),10007411,2014-06-30 00:00:00,001,6-30,004002002,发展中及待售物业,1930552400.0,2013-12-31 00:00:00
00131.HK,00131,卓能(集团),10007411,2014-06-30 00:00:00,001,6-30,004002003,应收帐款,12978606.25,2013-12-31 00:00:00
00131.HK,00131,卓能(集团),10007411,2014-06-30 00:00:00,001,6-30,004002007,预缴及应收税项,340518.75,2013-12-31 00:00:00
00131.HK,00131,卓能(集团),10007411,2014-06-30 00:00:00,001,6-30,004002010,现金及等价物,88411050.0,2013-12-31 00:00:00
00131.HK,00131,卓能(集团),10007411,2014-06-30 00:00:00,001,6-30,004002013,指定以公允价值记账之金融资产(流动),41289287.5,2013-12-31 00:00:00
00131.HK,00131,卓能(集团),10007411,2014-06-30 00:00:00,001,6-30,004002018,持作出售的资产(流动),,2013-12-31 00:00:00
00131.HK,00131,卓能(集团),10007411,2014-06-30 00:00:00,001,6-30,004002022,其他金融资产(流动),1307306.25,2013-12-31 00:00:00
00131.HK,00131,卓能(集团),10007411,2014-06-30 00:00:00,001,6-30,004002999,流动资产合计,2074879168.75,2013-12-31 00:00:00
00131.HK,00131,卓能(集团),10007411,2014-06-30 00:00:00,001,6-30,004009999,总资产,5648455968.75,2013-12-31 00:00:00
00131.HK,00131,卓能(集团),10007411,2014-06-30 00:00:00,001,6-30,004011001,应付帐款,23696612.5,2013-12-31 00:00:00
00131.HK,00131,卓能(集团),10007411,2014-06-30 00:00:00,001,6-30,004011003,应付税项,717550.0,2013-12-31 00:00:00
00131.HK,00131,卓能(集团),10007411,2014-06-30 00:00:00,001,6-30,004011005,应付关联方款项(流动),190739712.5,2013-12-31 00:00:00
00131.HK,00131,卓能(集团),10007411,2014-06-30 00:00:00,001,6-30,004011010,短期贷款,1333865918.75,2013-12-31 00:00:00
00131.HK,00131,卓能(集团),10007411,2014-06-30 00:00:00,001,6-30,004011016,衍生金融工具-负债(流动),427037.5,2013-12-31 00:00:00
00131.HK,00131,卓能(集团),10007411,2014-06-30 00:00:00,001,6-30,004011017,持作出售的负债(流动),,2013-12-31 00:00:00
00131.HK,00131,卓能(集团),10007411,2014-06-30 00:00:00,001,6-30,004011999,流动负债合计,1549446831.25,2013-12-31 00:00:00
00131.HK,00131,卓能(集团),10007411,2014-06-30 00:00:00,001,6-30,004013999,净流动资产,525432337.5,2013-12-31 00:00:00
00131.HK,00131,卓能(集团),10007411,2014-06-30 00:00:00,001,6-30,004015999,总资产减流动负债,4099009137.5,2013-12-31 00:00:00
00131.HK,00131,卓能(集团),10007411,2014-06-30 00:00:00,001,6-30,004020001,长期贷款,259196681.25,2013-12-31 00:00:00
00131.HK,00131,卓能(集团),10007411,2014-06-30 00:00:00,001,6-30,004020003,递延税项负债,5220493.75,2013-12-31 00:00:00
00131.HK,00131,卓能(集团),10007411,2014-06-30 00:00:00,001,6-30,004020009,长期应付款,,2013-12-31 00:00:00
00131.HK,00131,卓能(集团),10007411,2014-06-30 00:00:00,001,6-30,004020999,非流动负债合计,264417175.0,2013-12-31 00:00:00
00131.HK,00131,卓能(集团),10007411,2014-06-30 00:00:00,001,6-30,004025999,总负债,1813864006.25,2013-12-31 00:00:00
00131.HK,00131,卓能(集团),10007411,2014-06-30 00:00:00,001,6-30,004027999,少数股东权益,99471956.25,2013-12-31 00:00:00
00131.HK,00131,卓能(集团),10007411,2014-06-30 00:00:00,001,6-30,004028999,净资产,3834591962.5,2013-12-31 00:00:00
00131.HK,00131,卓能(集团),10007411,2014-06-30 00:00:00,001,6-30,004030001,股本,1382141793.75,2013-12-31 00:00:00
00131.HK,00131,卓能(集团),10007411,2014-06-30 00:00:00,001,6-30,004030002,储备,2352978212.5,2013-12-31 00:00:00
00131.HK,00131,卓能(集团),10007411,2014-06-30 00:00:00,001,6-30,004030999,股东权益,3735120006.25,2013-12-31 00:00:00
00131.HK,00131,卓能(集团),10007411,2014-06-30 00:00:00,001,6-30,004036999,总权益,3834591962.5,2013-12-31 00:00:00
00131.HK,00131,卓能(集团),10007411,2014-06-30 00:00:00,001,6-30,004037999,总权益及非流动负债,4099009137.5,2013-12-31 00:00:00
00131.HK,00131,卓能(集团),10007411,2014-06-30 00:00:00,001,6-30,004039999,总权益及总负债,5648455968.75,2013-12-31 00:00:00
00131.HK,00131,卓能(集团),10007411,2013-06-30 00:00:00,001,6-30,004001002,物业厂房及设备,90706334.7,2012-12-31 00:00:00
00131.HK,00131,卓能(集团),10007411,2013-06-30 00:00:00,001,6-30,004001003,投资物业,3129617867.3,2012-12-31 00:00:00
00131.HK,00131,卓能(集团),10007411,2013-06-30 00:00:00,001,6-30,004001009,递延税项资产,6313455.3,2012-12-31 00:00:00
00131.HK,00131,卓能(集团),10007411,2013-06-30 00:00:00,001,6-30,004001020,其他非流动资产,756722.5,2012-12-31 00:00:00
00131.HK,00131,卓能(集团),10007411,2013-06-30 00:00:00,001,6-30,004001026,贷款及垫款,37437.85,2012-12-31 00:00:00
00131.HK,00131,卓能(集团),10007411,2013-06-30 00:00:00,001,6-30,004001031,其他金融资产(非流动),3777240.1,2012-12-31 00:00:00
00131.HK,00131,卓能(集团),10007411,2013-06-30 00:00:00,001,6-30,004001999,非流动资产合计,3231209057.75,2012-12-31 00:00:00
00131.HK,00131,卓能(集团),10007411,2013-06-30 00:00:00,001,6-30,004002002,发展中及待售物业,1629939640.95,2012-12-31 00:00:00
00131.HK,00131,卓能(集团),10007411,2013-06-30 00:00:00,001,6-30,004002003,应收帐款,8374130.15,2012-12-31 00:00:00
00131.HK,00131,卓能(集团),10007411,2013-06-30 00:00:00,001,6-30,004002007,预缴及应收税项,1112780.35,2012-12-31 00:00:00
00131.HK,00131,卓能(集团),10007411,2013-06-30 00:00:00,001,6-30,004002010,现金及等价物,62279854.85,2012-12-31 00:00:00
00131.HK,00131,卓能(集团),10007411,2013-06-30 00:00:00,001,6-30,004002013,指定以公允价值记账之金融资产(流动),38637454.3,2012-12-31 00:00:00
00131.HK,00131,卓能(集团),10007411,2013-06-30 00:00:00,001,6-30,004002022,其他金融资产(流动),,2012-12-31 00:00:00
00131.HK,00131,卓能(集团),10007411,2013-06-30 00:00:00,001,6-30,004002999,流动资产合计,1740343860.6,2012-12-31 00:00:00
00131.HK,00131,卓能(集团),10007411,2013-06-30 00:00:00,001,6-30,004009999,总资产,4971552918.35,2012-12-31 00:00:00
00131.HK,00131,卓能(集团),10007411,2013-06-30 00:00:00,001,6-30,004011001,应付帐款,24182461.45,2012-12-31 00:00:00
00131.HK,00131,卓能(集团),10007411,2013-06-30 00:00:00,001,6-30,004011005,应付关联方款项(流动),191169610.35,2012-12-31 00:00:00
00131.HK,00131,卓能(集团),10007411,2013-06-30 00:00:00,001,6-30,004011010,短期贷款,570304310.4,2012-12-31 00:00:00
00131.HK,00131,卓能(集团),10007411,2013-06-30 00:00:00,001,6-30,004011012,拨备(流动),759908.7,2012-12-31 00:00:00
00131.HK,00131,卓能(集团),10007411,2013-06-30 00:00:00,001,6-30,004011016,衍生金融工具-负债(流动),434119.75,2012-12-31 00:00:00
00131.HK,00131,卓能(集团),10007411,2013-06-30 00:00:00,001,6-30,004011999,流动负债合计,786850410.65,2012-12-31 00:00:00
00131.HK,00131,卓能(集团),10007411,2013-06-30 00:00:00,001,6-30,004013999,净流动资产,953493449.95,2012-12-31 00:00:00
00131.HK,00131,卓能(集团),10007411,2013-06-30 00:00:00,001,6-30,004015999,总资产减流动负债,4184702507.7,2012-12-31 00:00:00
00131.HK,00131,卓能(集团),10007411,2013-06-30 00:00:00,001,6-30,004020001,长期贷款,669640467.8,2012-12-31 00:00:00
00131.HK,00131,卓能(集团),10007411,2013-06-30 00:00:00,001,6-30,004020003,递延税项负债,2779162.95,2012-12-31 00:00:00
00131.HK,00131,卓能(集团),10007411,2013-06-30 00:00:00,001,6-30,004020999,非流动负债合计,672419630.75,2012-12-31 00:00:00
00131.HK,00131,卓能(集团),10007411,2013-06-30 00:00:00,001,6-30,004025999,总负债,1459270041.4,2012-12-31 00:00:00
00131.HK,00131,卓能(集团),10007411,2013-06-30 00:00:00,001,6-30,004027999,少数股东权益,101336294.45,2012-12-31 00:00:00
00131.HK,00131,卓能(集团),10007411,2013-06-30 00:00:00,001,6-30,004028999,净资产,3512282876.95,2012-12-31 00:00:00
00131.HK,00131,卓能(集团),10007411,2013-06-30 00:00:00,001,6-30,004030001,股本,35618529.8,2012-12-31 00:00:00
00131.HK,00131,卓能(集团),10007411,2013-06-30 00:00:00,001,6-30,004030002,储备,3375328052.7,2012-12-31 00:00:00
00131.HK,00131,卓能(集团),10007411,2013-06-30 00:00:00,001,6-30,004030999,股东权益,3410946582.5,2012-12-31 00:00:00
00131.HK,00131,卓能(集团),10007411,2013-06-30 00:00:00,001,6-30,004036999,总权益,3512282876.95,2012-12-31 00:00:00
00131.HK,00131,卓能(集团),10007411,2013-06-30 00:00:00,001,6-30,004037999,总权益及非流动负债,4184702507.7,2012-12-31 00:00:00
00131.HK,00131,卓能(集团),10007411,2013-06-30 00:00:00,001,6-30,004039999,总权益及总负债,4971552918.35,2012-12-31 00:00:00
00131.HK,00131,卓能(集团),10007411,2012-06-30 00:00:00,001,6-30,004001002,物业厂房及设备,85268751.12,2011-12-31 00:00:00
00131.HK,00131,卓能(集团),10007411,2012-06-30 00:00:00,001,6-30,004001003,投资物业,3014072145.0,2011-12-31 00:00:00
00131.HK,00131,卓能(集团),10007411,2012-06-30 00:00:00,001,6-30,004001009,递延税项资产,22759311.96,2011-12-31 00:00:00
00131.HK,00131,卓能(集团),10007411,2012-06-30 00:00:00,001,6-30,004001026,贷款及垫款,56250.18,2011-12-31 00:00:00
00131.HK,00131,卓能(集团),10007411,2012-06-30 00:00:00,001,6-30,004001031,其他金融资产(非流动),3865773.24,2011-12-31 00:00:00
00131.HK,00131,卓能(集团),10007411,2012-06-30 00:00:00,001,6-30,004001997,非流动资产其他项目,774459.0,2011-12-31 00:00:00
00131.HK,00131,卓能(集团),10007411,2012-06-30 00:00:00,001,6-30,004001999,非流动资产合计,3126796690.5,2011-12-31 00:00:00
00131.HK,00131,卓能(集团),10007411,2012-06-30 00:00:00,001,6-30,004002002,发展中及待售物业,1350683398.26,2011-12-31 00:00:00
00131.HK,00131,卓能(集团),10007411,2012-06-30 00:00:00,001,6-30,004002003,应收帐款,7031272.5,2011-12-31 00:00:00
00131.HK,00131,卓能(集团),10007411,2012-06-30 00:00:00,001,6-30,004002007,预缴及应收税项,900818.1,2011-12-31 00:00:00
00131.HK,00131,卓能(集团),10007411,2012-06-30 00:00:00,001,6-30,004002010,现金及等价物,167544829.62,2011-12-31 00:00:00
00131.HK,00131,卓能(集团),10007411,2012-06-30 00:00:00,001,6-30,004002013,指定以公允价值记账之金融资产(流动),64299662.28,2011-12-31 00:00:00
00131.HK,00131,卓能(集团),10007411,2012-06-30 00:00:00,001,6-30,004002999,流动资产合计,1590459980.76,2011-12-31 00:00:00
00131.HK,00131,卓能(集团),10007411,2012-06-30 00:00:00,001,6-30,004009999,总资产,4717256671.26,2011-12-31 00:00:00
00131.HK,00131,卓能(集团),10007411,2012-06-30 00:00:00,001,6-30,004011001,应付帐款,21422351.16,2011-12-31 00:00:00
00131.HK,00131,卓能(集团),10007411,2012-06-30 00:00:00,001,6-30,004011003,应付税项,732067.56,2011-12-31 00:00:00
00131.HK,00131,卓能(集团),10007411,2012-06-30 00:00:00,001,6-30,004011005,应付关联方款项(流动),195644647.8,2011-12-31 00:00:00
00131.HK,00131,卓能(集团),10007411,2012-06-30 00:00:00,001,6-30,004011010,短期贷款,699929141.94,2011-12-31 00:00:00
00131.HK,00131,卓能(集团),10007411,2012-06-30 00:00:00,001,6-30,004011016,衍生金融工具-负债(流动),,2011-12-31 00:00:00
00131.HK,00131,卓能(集团),10007411,2012-06-30 00:00:00,001,6-30,004011999,流动负债合计,917728208.46,2011-12-31 00:00:00
00131.HK,00131,卓能(集团),10007411,2012-06-30 00:00:00,001,6-30,004013999,净流动资产,672731772.3,2011-12-31 00:00:00
00131.HK,00131,卓能(集团),10007411,2012-06-30 00:00:00,001,6-30,004015999,总资产减流动负债,3799528462.8,2011-12-31 00:00:00
00131.HK,00131,卓能(集团),10007411,2012-06-30 00:00:00,001,6-30,004020001,长期贷款,371986516.44,2011-12-31 00:00:00
00131.HK,00131,卓能(集团),10007411,2012-06-30 00:00:00,001,6-30,004020999,非流动负债合计,371986516.44,2011-12-31 00:00:00
00131.HK,00131,卓能(集团),10007411,2012-06-30 00:00:00,001,6-30,004025999,总负债,1289714724.9,2011-12-31 00:00:00
00131.HK,00131,卓能(集团),10007411,2012-06-30 00:00:00,001,6-30,004027999,少数股东权益,75645079.02,2011-12-31 00:00:00
00131.HK,00131,卓能(集团),10007411,2012-06-30 00:00:00,001,6-30,004028999,净资产,3427541946.36,2011-12-31 00:00:00
00131.HK,00131,卓能(集团),10007411,2012-06-30 00:00:00,001,6-30,004030001,股本,34273479.24,2011-12-31 00:00:00
00131.HK,00131,卓能(集团),10007411,2012-06-30 00:00:00,001,6-30,004030002,储备,3317623388.1,2011-12-31 00:00:00
00131.HK,00131,卓能(集团),10007411,2012-06-30 00:00:00,001,6-30,004030999,股东权益,3351896867.34,2011-12-31 00:00:00
00131.HK,00131,卓能(集团),10007411,2012-06-30 00:00:00,001,6-30,004036999,总权益,3427541946.36,2011-12-31 00:00:00
00131.HK,00131,卓能(集团),10007411,2012-06-30 00:00:00,001,6-30,004037999,总权益及非流动负债,3799528462.8,2011-12-31 00:00:00
00131.HK,00131,卓能(集团),10007411,2012-06-30 00:00:00,001,6-30,004039999,总权益及总负债,4717256671.26,2011-12-31 00:00:00
00131.HK,00131,卓能(集团),10007411,2011-06-30 00:00:00,001,6-30,004001002,物业厂房及设备,69691419.24,2010-12-31 00:00:00
00131.HK,00131,卓能(集团),10007411,2011-06-30 00:00:00,001,6-30,004001003,投资物业,2919258971.36,2010-12-31 00:00:00
00131.HK,00131,卓能(集团),10007411,2011-06-30 00:00:00,001,6-30,004001009,递延税项资产,18269859.78,2010-12-31 00:00:00
00131.HK,00131,卓能(集团),10007411,2011-06-30 00:00:00,001,6-30,004001026,贷款及垫款,89814.96,2010-12-31 00:00:00
00131.HK,00131,卓能(集团),10007411,2011-06-30 00:00:00,001,6-30,004001031,其他金融资产(非流动),1220818.16,2010-12-31 00:00:00
00131.HK,00131,卓能(集团),10007411,2011-06-30 00:00:00,001,6-30,004001997,非流动资产其他项目,790039.0,2010-12-31 00:00:00
00131.HK,00131,卓能(集团),10007411,2011-06-30 00:00:00,001,6-30,004001999,非流动资产合计,3009320922.5,2010-12-31 00:00:00
00131.HK,00131,卓能(集团),10007411,2011-06-30 00:00:00,001,6-30,004002002,发展中及待售物业,1236829339.86,2010-12-31 00:00:00
00131.HK,00131,卓能(集团),10007411,2011-06-30 00:00:00,001,6-30,004002003,应收帐款,6934879.18,2010-12-31 00:00:00
00131.HK,00131,卓能(集团),10007411,2011-06-30 00:00:00,001,6-30,004002007,预缴及应收税项,356764.98,2010-12-31 00:00:00
00131.HK,00131,卓能(集团),10007411,2011-06-30 00:00:00,001,6-30,004002010,现金及等价物,79515346.3,2010-12-31 00:00:00
00131.HK,00131,卓能(集团),10007411,2011-06-30 00:00:00,001,6-30,004002013,指定以公允价值记账之金融资产(流动),84999880.2,2010-12-31 00:00:00
00131.HK,00131,卓能(集团),10007411,2011-06-30 00:00:00,001,6-30,004002999,流动资产合计,1408636210.52,2010-12-31 00:00:00
00131.HK,00131,卓能(集团),10007411,2011-06-30 00:00:00,001,6-30,004009999,总资产,4417957133.02,2010-12-31 00:00:00
00131.HK,00131,卓能(集团),10007411,2011-06-30 00:00:00,001,6-30,004011001,应付帐款,55204598.84,2010-12-31 00:00:00
00131.HK,00131,卓能(集团),10007411,2011-06-30 00:00:00,001,6-30,004011003,应付税项,2637067.02,2010-12-31 00:00:00
00131.HK,00131,卓能(集团),10007411,2011-06-30 00:00:00,001,6-30,004011005,应付关联方款项(流动),199580483.8,2010-12-31 00:00:00
00131.HK,00131,卓能(集团),10007411,2011-06-30 00:00:00,001,6-30,004011010,短期贷款,265630239.06,2010-12-31 00:00:00
00131.HK,00131,卓能(集团),10007411,2011-06-30 00:00:00,001,6-30,004011016,衍生金融工具-负债(流动),,2010-12-31 00:00:00
00131.HK,00131,卓能(集团),10007411,2011-06-30 00:00:00,001,6-30,004011999,流动负债合计,523052388.72,2010-12-31 00:00:00
00131.HK,00131,卓能(集团),10007411,2011-06-30 00:00:00,001,6-30,004013999,净流动资产,885583821.8,2010-12-31 00:00:00
00131.HK,00131,卓能(集团),10007411,2011-06-30 00:00:00,001,6-30,004015999,总资产减流动负债,3894904744.3,2010-12-31 00:00:00
00131.HK,00131,卓能(集团),10007411,2011-06-30 00:00:00,001,6-30,004020001,长期贷款,543827919.56,2010-12-31 00:00:00
00131.HK,00131,卓能(集团),10007411,2011-06-30 00:00:00,001,6-30,004020999,非流动负债合计,543827919.56,2010-12-31 00:00:00
00131.HK,00131,卓能(集团),10007411,2011-06-30 00:00:00,001,6-30,004025999,总负债,1066880308.28,2010-12-31 00:00:00
00131.HK,00131,卓能(集团),10007411,2011-06-30 00:00:00,001,6-30,004027999,少数股东权益,69276440.86,2010-12-31 00:00:00
00131.HK,00131,卓能(集团),10007411,2011-06-30 00:00:00,001,6-30,004028999,净资产,3351076824.74,2010-12-31 00:00:00
00131.HK,00131,卓能(集团),10007411,2011-06-30 00:00:00,001,6-30,004030001,股本,33456904.22,2010-12-31 00:00:00
00131.HK,00131,卓能(集团),10007411,2011-06-30 00:00:00,001,6-30,004030002,储备,3248343479.66,2010-12-31 00:00:00
00131.HK,00131,卓能(集团),10007411,2011-06-30 00:00:00,001,6-30,004030999,股东权益,3281800383.88,2010-12-31 00:00:00
00131.HK,00131,卓能(集团),10007411,2011-06-30 00:00:00,001,6-30,004036999,总权益,3351076824.74,2010-12-31 00:00:00
00131.HK,00131,卓能(集团),10007411,2011-06-30 00:00:00,001,6-30,004037999,总权益及非流动负债,3894904744.3,2010-12-31 00:00:00
00131.HK,00131,卓能(集团),10007411,2011-06-30 00:00:00,001,6-30,004039999,总权益及总负债,4417957133.02,2010-12-31 00:00:00
00131.HK,00131,卓能(集团),10007411,2010-06-30 00:00:00,001,6-30,004001002,物业厂房及设备,73709103.49,2009-12-31 00:00:00
00131.HK,00131,卓能(集团),10007411,2010-06-30 00:00:00,001,6-30,004001003,投资物业,3104155545.8,2009-12-31 00:00:00
00131.HK,00131,卓能(集团),10007411,2010-06-30 00:00:00,001,6-30,004001020,其他非流动资产,1266710.28,2009-12-31 00:00:00
00131.HK,00131,卓能(集团),10007411,2010-06-30 00:00:00,001,6-30,004001026,贷款及垫款,94218.12,2009-12-31 00:00:00
00131.HK,00131,卓能(集团),10007411,2010-06-30 00:00:00,001,6-30,004001997,非流动资产其他项目,828770.5,2009-12-31 00:00:00
00131.HK,00131,卓能(集团),10007411,2010-06-30 00:00:00,001,6-30,004001999,非流动资产合计,3180054348.19,2009-12-31 00:00:00
00131.HK,00131,卓能(集团),10007411,2010-06-30 00:00:00,001,6-30,004002002,发展中及待售物业,1251458285.63,2009-12-31 00:00:00
00131.HK,00131,卓能(集团),10007411,2010-06-30 00:00:00,001,6-30,004002003,应收帐款,6029959.68,2009-12-31 00:00:00
00131.HK,00131,卓能(集团),10007411,2010-06-30 00:00:00,001,6-30,004002006,应收关联方款项,1162023.48,2009-12-31 00:00:00
00131.HK,00131,卓能(集团),10007411,2010-06-30 00:00:00,001,6-30,004002007,预缴及应收税项,121262.21,2009-12-31 00:00:00
00131.HK,00131,卓能(集团),10007411,2010-06-30 00:00:00,001,6-30,004002010,现金及等价物,88330359.89,2009-12-31 00:00:00
00131.HK,00131,卓能(集团),10007411,2010-06-30 00:00:00,001,6-30,004002013,指定以公允价值记账之金融资产(流动),85096410.16,2009-12-31 00:00:00
00131.HK,00131,卓能(集团),10007411,2010-06-30 00:00:00,001,6-30,004002999,流动资产合计,1432198301.05,2009-12-31 00:00:00
00131.HK,00131,卓能(集团),10007411,2010-06-30 00:00:00,001,6-30,004009999,总资产,4612252649.24,2009-12-31 00:00:00
00131.HK,00131,卓能(集团),10007411,2010-06-30 00:00:00,001,6-30,004011001,应付帐款,35911934.35,2009-12-31 00:00:00
00131.HK,00131,卓能(集团),10007411,2010-06-30 00:00:00,001,6-30,004011005,应付关联方款项(流动),209364876.1,2009-12-31 00:00:00
00131.HK,00131,卓能(集团),10007411,2010-06-30 00:00:00,001,6-30,004011010,短期贷款,1162840909.43,2009-12-31 00:00:00
00131.HK,00131,卓能(集团),10007411,2010-06-30 00:00:00,001,6-30,004011012,拨备(流动),2634617.8,2009-12-31 00:00:00
00131.HK,00131,卓能(集团),10007411,2010-06-30 00:00:00,001,6-30,004011015,指定以公允价值记账之金融负债(流动),265206.56,2009-12-31 00:00:00
00131.HK,00131,卓能(集团),10007411,2010-06-30 00:00:00,001,6-30,004011999,流动负债合计,1411017544.24,2009-12-31 00:00:00
00131.HK,00131,卓能(集团),10007411,2010-06-30 00:00:00,001,6-30,004013999,净流动资产,21180756.81,2009-12-31 00:00:00
00131.HK,00131,卓能(集团),10007411,2010-06-30 00:00:00,001,6-30,004015999,总资产减流动负债,3201235105.0,2009-12-31 00:00:00
00131.HK,00131,卓能(集团),10007411,2010-06-30 00:00:00,001,6-30,004020001,长期贷款,38257791.06,2009-12-31 00:00:00
00131.HK,00131,卓能(集团),10007411,2010-06-30 00:00:00,001,6-30,004020003,递延税项负债,331428812.51,2009-12-31 00:00:00
00131.HK,00131,卓能(集团),10007411,2010-06-30 00:00:00,001,6-30,004020999,非流动负债合计,369686603.57,2009-12-31 00:00:00
00131.HK,00131,卓能(集团),10007411,2010-06-30 00:00:00,001,6-30,004025999,总负债,1780704147.81,2009-12-31 00:00:00
00131.HK,00131,卓能(集团),10007411,2010-06-30 00:00:00,001,6-30,004027999,少数股东权益,33371534.67,2009-12-31 00:00:00
00131.HK,00131,卓能(集团),10007411,2010-06-30 00:00:00,001,6-30,004028999,净资产,2831548501.43,2009-12-31 00:00:00
00131.HK,00131,卓能(集团),10007411,2010-06-30 00:00:00,001,6-30,004030001,股本,30243144.13,2009-12-31 00:00:00
00131.HK,00131,卓能(集团),10007411,2010-06-30 00:00:00,001,6-30,004030002,储备,2767933822.63,2009-12-31 00:00:00
00131.HK,00131,卓能(集团),10007411,2010-06-30 00:00:00,001,6-30,004030999,股东权益,2798176966.76,2009-12-31 00:00:00
00131.HK,00131,卓能(集团),10007411,2010-06-30 00:00:00,001,6-30,004036999,总权益,2831548501.43,2009-12-31 00:00:00
00131.HK,00131,卓能(集团),10007411,2010-06-30 00:00:00,001,6-30,004037999,总权益及非流动负债,3201235105.0,2009-12-31 00:00:00
00131.HK,00131,卓能(集团),10007411,2010-06-30 00:00:00,001,6-30,004039999,总权益及总负债,4612252649.24,2009-12-31 00:00:00
00131.HK,00131,卓能(集团),10007411,2009-06-30 00:00:00,001,6-30,004001002,物业厂房及设备,73602465.82,2008-12-31 00:00:00
00131.HK,00131,卓能(集团),10007411,2009-06-30 00:00:00,001,6-30,004001003,投资物业,2917167009.77,2008-12-31 00:00:00
00131.HK,00131,卓能(集团),10007411,2009-06-30 00:00:00,001,6-30,004001026,贷款及垫款,111072.78,2008-12-31 00:00:00
00131.HK,00131,卓能(集团),10007411,2009-06-30 00:00:00,001,6-30,004001997,非流动资产其他项目,837453.5,2008-12-31 00:00:00
00131.HK,00131,卓能(集团),10007411,2009-06-30 00:00:00,001,6-30,004001999,非流动资产合计,2991718001.87,2008-12-31 00:00:00
00131.HK,00131,卓能(集团),10007411,2009-06-30 00:00:00,001,6-30,004002002,发展中及待售物业,1010387647.75,2008-12-31 00:00:00
00131.HK,00131,卓能(集团),10007411,2009-06-30 00:00:00,001,6-30,004002003,应收帐款,13356061.03,2008-12-31 00:00:00
00131.HK,00131,卓能(集团),10007411,2009-06-30 00:00:00,001,6-30,004002006,应收关联方款项,909738.96,2008-12-31 00:00:00
00131.HK,00131,卓能(集团),10007411,2009-06-30 00:00:00,001,6-30,004002007,预缴及应收税项,231842.39,2008-12-31 00:00:00
00131.HK,00131,卓能(集团),10007411,2009-06-30 00:00:00,001,6-30,004002010,现金及等价物,31666320.66,2008-12-31 00:00:00
00131.HK,00131,卓能(集团),10007411,2009-06-30 00:00:00,001,6-30,004002013,指定以公允价值记账之金融资产(流动),134139775.51,2008-12-31 00:00:00
00131.HK,00131,卓能(集团),10007411,2009-06-30 00:00:00,001,6-30,004002999,流动资产合计,1190691386.3,2008-12-31 00:00:00
00131.HK,00131,卓能(集团),10007411,2009-06-30 00:00:00,001,6-30,004009999,总资产,4182409388.17,2008-12-31 00:00:00
00131.HK,00131,卓能(集团),10007411,2009-06-30 00:00:00,001,6-30,004011001,应付帐款,55525811.64,2008-12-31 00:00:00
00131.HK,00131,卓能(集团),10007411,2009-06-30 00:00:00,001,6-30,004011003,应付税项,3121497.73,2008-12-31 00:00:00
00131.HK,00131,卓能(集团),10007411,2009-06-30 00:00:00,001,6-30,004011005,应付关联方款项(流动),211558384.7,2008-12-31 00:00:00
00131.HK,00131,卓能(集团),10007411,2009-06-30 00:00:00,001,6-30,004011010,短期贷款,472500080.0,2008-12-31 00:00:00
00131.HK,00131,卓能(集团),10007411,2009-06-30 00:00:00,001,6-30,004011999,流动负债合计,742705774.07,2008-12-31 00:00:00
00131.HK,00131,卓能(集团),10007411,2009-06-30 00:00:00,001,6-30,004013999,净流动资产,447985612.23,2008-12-31 00:00:00
00131.HK,00131,卓能(集团),10007411,2009-06-30 00:00:00,001,6-30,004015999,总资产减流动负债,3439703614.1,2008-12-31 00:00:00
00131.HK,00131,卓能(集团),10007411,2009-06-30 00:00:00,001,6-30,004020001,长期贷款,576059579.81,2008-12-31 00:00:00
00131.HK,00131,卓能(集团),10007411,2009-06-30 00:00:00,001,6-30,004020003,递延税项负债,313197912.17,2008-12-31 00:00:00
00131.HK,00131,卓能(集团),10007411,2009-06-30 00:00:00,001,6-30,004020999,非流动负债合计,889257491.98,2008-12-31 00:00:00
00131.HK,00131,卓能(集团),10007411,2009-06-30 00:00:00,001,6-30,004025999,总负债,1631963266.05,2008-12-31 00:00:00
00131.HK,00131,卓能(集团),10007411,2009-06-30 00:00:00,001,6-30,004027999,少数股东权益,10520179.02,2008-12-31 00:00:00
00131.HK,00131,卓能(集团),10007411,2009-06-30 00:00:00,001,6-30,004028999,净资产,2550446122.12,2008-12-31 00:00:00
00131.HK,00131,卓能(集团),10007411,2009-06-30 00:00:00,001,6-30,004030001,股本,23934421.03,2008-12-31 00:00:00
00131.HK,00131,卓能(集团),10007411,2009-06-30 00:00:00,001,6-30,004030002,储备,2515991522.07,2008-12-31 00:00:00
00131.HK,00131,卓能(集团),10007411,2009-06-30 00:00:00,001,6-30,004030999,股东权益,2539925943.1,2008-12-31 00:00:00
00131.HK,00131,卓能(集团),10007411,2009-06-30 00:00:00,001,6-30,004036999,总权益,2550446122.12,2008-12-31 00:00:00
00131.HK,00131,卓能(集团),10007411,2009-06-30 00:00:00,001,6-30,004037999,总权益及非流动负债,3439703614.1,2008-12-31 00:00:00
00131.HK,00131,卓能(集团),10007411,2009-06-30 00:00:00,001,6-30,004039999,总权益及总负债,4182409388.17,2008-12-31 00:00:00
00131.HK,00131,卓能(集团),10007411,2008-06-30 00:00:00,001,6-30,004001002,物业厂房及设备,79235196.25,2007-12-31 00:00:00
00131.HK,00131,卓能(集团),10007411,2008-06-30 00:00:00,001,6-30,004001003,投资物业,3337112165.01,2007-12-31 00:00:00
00131.HK,00131,卓能(集团),10007411,2008-06-30 00:00:00,001,6-30,004001026,贷款及垫款,268146.85,2007-12-31 00:00:00
00131.HK,00131,卓能(集团),10007411,2008-06-30 00:00:00,001,6-30,004001997,非流动资产其他项目,835211.5,2007-12-31 00:00:00
00131.HK,00131,卓能(集团),10007411,2008-06-30 00:00:00,001,6-30,004001999,非流动资产合计,3417450719.61,2007-12-31 00:00:00
00131.HK,00131,卓能(集团),10007411,2008-06-30 00:00:00,001,6-30,004002002,发展中及待售物业,966519935.35,2007-12-31 00:00:00
00131.HK,00131,卓能(集团),10007411,2008-06-30 00:00:00,001,6-30,004002003,应收帐款,33975524.65,2007-12-31 00:00:00
00131.HK,00131,卓能(集团),10007411,2008-06-30 00:00:00,001,6-30,004002006,应收关联方款项,643552.44,2007-12-31 00:00:00
00131.HK,00131,卓能(集团),10007411,2008-06-30 00:00:00,001,6-30,004002007,预缴及应收税项,1891973.84,2007-12-31 00:00:00
00131.HK,00131,卓能(集团),10007411,2008-06-30 00:00:00,001,6-30,004002010,现金及等价物,93417087.52,2007-12-31 00:00:00
00131.HK,00131,卓能(集团),10007411,2008-06-30 00:00:00,001,6-30,004002013,指定以公允价值记账之金融资产(流动),193251236.87,2007-12-31 00:00:00
00131.HK,00131,卓能(集团),10007411,2008-06-30 00:00:00,001,6-30,004002999,流动资产合计,1289699310.67,2007-12-31 00:00:00
00131.HK,00131,卓能(集团),10007411,2008-06-30 00:00:00,001,6-30,004009999,总资产,4707150030.28,2007-12-31 00:00:00
00131.HK,00131,卓能(集团),10007411,2008-06-30 00:00:00,001,6-30,004011001,应付帐款,50889876.28,2007-12-31 00:00:00
00131.HK,00131,卓能(集团),10007411,2008-06-30 00:00:00,001,6-30,004011003,应付税项,6496187.13,2007-12-31 00:00:00
00131.HK,00131,卓能(集团),10007411,2008-06-30 00:00:00,001,6-30,004011005,应付关联方款项(流动),210992008.3,2007-12-31 00:00:00
00131.HK,00131,卓能(集团),10007411,2008-06-30 00:00:00,001,6-30,004011010,短期贷款,165788603.58,2007-12-31 00:00:00
00131.HK,00131,卓能(集团),10007411,2008-06-30 00:00:00,001,6-30,004011999,流动负债合计,434166675.29,2007-12-31 00:00:00
00131.HK,00131,卓能(集团),10007411,2008-06-30 00:00:00,001,6-30,004013999,净流动资产,855532635.38,2007-12-31 00:00:00
00131.HK,00131,卓能(集团),10007411,2008-06-30 00:00:00,001,6-30,004015999,总资产减流动负债,4272983354.99,2007-12-31 00:00:00
00131.HK,00131,卓能(集团),10007411,2008-06-30 00:00:00,001,6-30,004020001,长期贷款,885145718.49,2007-12-31 00:00:00
00131.HK,00131,卓能(集团),10007411,2008-06-30 00:00:00,001,6-30,004020003,递延税项负债,371013256.68,2007-12-31 00:00:00
00131.HK,00131,卓能(集团),10007411,2008-06-30 00:00:00,001,6-30,004020999,非流动负债合计,1256158975.17,2007-12-31 00:00:00
00131.HK,00131,卓能(集团),10007411,2008-06-30 00:00:00,001,6-30,004025999,总负债,1690325650.46,2007-12-31 00:00:00
00131.HK,00131,卓能(集团),10007411,2008-06-30 00:00:00,001,6-30,004027999,少数股东权益,59945327.28,2007-12-31 00:00:00
00131.HK,00131,卓能(集团),10007411,2008-06-30 00:00:00,001,6-30,004028999,净资产,3016824379.82,2007-12-31 00:00:00
00131.HK,00131,卓能(集团),10007411,2008-06-30 00:00:00,001,6-30,004030001,股本,23221517.21,2007-12-31 00:00:00
00131.HK,00131,卓能(集团),10007411,2008-06-30 00:00:00,001,6-30,004030002,储备,2933657535.33,2007-12-31 00:00:00
00131.HK,00131,卓能(集团),10007411,2008-06-30 00:00:00,001,6-30,004030999,股东权益,2956879052.54,2007-12-31 00:00:00
00131.HK,00131,卓能(集团),10007411,2008-06-30 00:00:00,001,6-30,004036999,总权益,3016824379.82,2007-12-31 00:00:00
00131.HK,00131,卓能(集团),10007411,2008-06-30 00:00:00,001,6-30,004037999,总权益及非流动负债,4272983354.99,2007-12-31 00:00:00
00131.HK,00131,卓能(集团),10007411,2008-06-30 00:00:00,001,6-30,004039999,总权益及总负债,4707150030.28,2007-12-31 00:00:00
00131.HK,00131,卓能(集团),10007411,2007-06-30 00:00:00,001,6-30,004001002,物业厂房及设备,2757438.8,2006-12-31 00:00:00
00131.HK,00131,卓能(集团),10007411,2007-06-30 00:00:00,001,6-30,004001003,投资物业,3222651853.8,2006-12-31 00:00:00
00131.HK,00131,卓能(集团),10007411,2007-06-30 00:00:00,001,6-30,004001026,贷款及垫款,488154.36,2006-12-31 00:00:00
00131.HK,00131,卓能(集团),10007411,2007-06-30 00:00:00,001,6-30,004001997,非流动资产其他项目,925642.0,2006-12-31 00:00:00
00131.HK,00131,卓能(集团),10007411,2007-06-30 00:00:00,001,6-30,004001999,非流动资产合计,3226823088.96,2006-12-31 00:00:00
00131.HK,00131,卓能(集团),10007411,2007-06-30 00:00:00,001,6-30,004002002,发展中及待售物业,936916319.56,2006-12-31 00:00:00
00131.HK,00131,卓能(集团),10007411,2007-06-30 00:00:00,001,6-30,004002003,应收帐款,5967955.0,2006-12-31 00:00:00
00131.HK,00131,卓能(集团),10007411,2007-06-30 00:00:00,001,6-30,004002006,应收关联方款项,713231.52,2006-12-31 00:00:00
00131.HK,00131,卓能(集团),10007411,2007-06-30 00:00:00,001,6-30,004002007,预缴及应收税项,620667.32,2006-12-31 00:00:00
00131.HK,00131,卓能(集团),10007411,2007-06-30 00:00:00,001,6-30,004002010,现金及等价物,59986473.4,2006-12-31 00:00:00
00131.HK,00131,卓能(集团),10007411,2007-06-30 00:00:00,001,6-30,004002013,指定以公允价值记账之金融资产(流动),2856823.52,2006-12-31 00:00:00
00131.HK,00131,卓能(集团),10007411,2007-06-30 00:00:00,001,6-30,004002999,流动资产合计,1007061470.32,2006-12-31 00:00:00
00131.HK,00131,卓能(集团),10007411,2007-06-30 00:00:00,001,6-30,004009999,总资产,4233884559.28,2006-12-31 00:00:00
00131.HK,00131,卓能(集团),10007411,2007-06-30 00:00:00,001,6-30,004011001,应付帐款,52574516.88,2006-12-31 00:00:00
00131.HK,00131,卓能(集团),10007411,2007-06-30 00:00:00,001,6-30,004011003,应付税项,6076108.96,2006-12-31 00:00:00
00131.HK,00131,卓能(集团),10007411,2007-06-30 00:00:00,001,6-30,004011005,应付关联方款项(流动),233836656.4,2006-12-31 00:00:00
00131.HK,00131,卓能(集团),10007411,2007-06-30 00:00:00,001,6-30,004011010,短期贷款,139891788.28,2006-12-31 00:00:00
00131.HK,00131,卓能(集团),10007411,2007-06-30 00:00:00,001,6-30,004011999,流动负债合计,432379070.52,2006-12-31 00:00:00
00131.HK,00131,卓能(集团),10007411,2007-06-30 00:00:00,001,6-30,004013999,净流动资产,574682399.8,2006-12-31 00:00:00
00131.HK,00131,卓能(集团),10007411,2007-06-30 00:00:00,001,6-30,004015999,总资产减流动负债,3801505488.76,2006-12-31 00:00:00
00131.HK,00131,卓能(集团),10007411,2007-06-30 00:00:00,001,6-30,004020001,长期贷款,704920229.2,2006-12-31 00:00:00
00131.HK,00131,卓能(集团),10007411,2007-06-30 00:00:00,001,6-30,004020003,递延税项负债,361605457.56,2006-12-31 00:00:00
00131.HK,00131,卓能(集团),10007411,2007-06-30 00:00:00,001,6-30,004020999,非流动负债合计,1066525686.76,2006-12-31 00:00:00
00131.HK,00131,卓能(集团),10007411,2007-06-30 00:00:00,001,6-30,004025999,总负债,1498904757.28,2006-12-31 00:00:00
00131.HK,00131,卓能(集团),10007411,2007-06-30 00:00:00,001,6-30,004027999,少数股东权益,59055959.6,2006-12-31 00:00:00
00131.HK,00131,卓能(集团),10007411,2007-06-30 00:00:00,001,6-30,004028999,净资产,2734979802.0,2006-12-31 00:00:00
00131.HK,00131,卓能(集团),10007411,2007-06-30 00:00:00,001,6-30,004030001,股本,21226432.6,2006-12-31 00:00:00
00131.HK,00131,卓能(集团),10007411,2007-06-30 00:00:00,001,6-30,004030002,储备,2654697409.8,2006-12-31 00:00:00
00131.HK,00131,卓能(集团),10007411,2007-06-30 00:00:00,001,6-30,004030999,股东权益,2675923842.4,2006-12-31 00:00:00
00131.HK,00131,卓能(集团),10007411,2007-06-30 00:00:00,001,6-30,004036999,总权益,2734979802.0,2006-12-31 00:00:00
00131.HK,00131,卓能(集团),10007411,2007-06-30 00:00:00,001,6-30,004037999,总权益及非流动负债,3801505488.76,2006-12-31 00:00:00
00131.HK,00131,卓能(集团),10007411,2007-06-30 00:00:00,001,6-30,004039999,总权益及总负债,4233884559.28,2006-12-31 00:00:00
00131.HK,00131,卓能(集团),10007411,2006-06-30 00:00:00,001,6-30,004001002,物业厂房及设备,2953405.98,2005-12-31 00:00:00
00131.HK,00131,卓能(集团),10007411,2006-06-30 00:00:00,001,6-30,004001003,投资物业,2789190842.76,2005-12-31 00:00:00
00131.HK,00131,卓能(集团),10007411,2006-06-30 00:00:00,001,6-30,004001019,其他投资,1029.42,2005-12-31 00:00:00
00131.HK,00131,卓能(集团),10007411,2006-06-30 00:00:00,001,6-30,004001026,贷款及垫款,593975.34,2005-12-31 00:00:00
00131.HK,00131,卓能(集团),10007411,2006-06-30 00:00:00,001,6-30,004001997,非流动资产其他项目,977949.0,2005-12-31 00:00:00
00131.HK,00131,卓能(集团),10007411,2006-06-30 00:00:00,001,6-30,004001999,非流动资产合计,2793717202.5,2005-12-31 00:00:00
00131.HK,00131,卓能(集团),10007411,2006-06-30 00:00:00,001,6-30,004002002,发展中及待售物业,874938028.86,2005-12-31 00:00:00
00131.HK,00131,卓能(集团),10007411,2006-06-30 00:00:00,001,6-30,004002003,应收帐款,5098717.26,2005-12-31 00:00:00
00131.HK,00131,卓能(集团),10007411,2006-06-30 00:00:00,001,6-30,004002007,预缴及应收税项,59706.36,2005-12-31 00:00:00
00131.HK,00131,卓能(集团),10007411,2006-06-30 00:00:00,001,6-30,004002010,现金及等价物,4953569.04,2005-12-31 00:00:00
00131.HK,00131,卓能(集团),10007411,2006-06-30 00:00:00,001,6-30,004002013,指定以公允价值记账之金融资产(流动),474562.62,2005-12-31 00:00:00
00131.HK,00131,卓能(集团),10007411,2006-06-30 00:00:00,001,6-30,004002999,流动资产合计,885524584.14,2005-12-31 00:00:00
00131.HK,00131,卓能(集团),10007411,2006-06-30 00:00:00,001,6-30,004009999,总资产,3679241786.64,2005-12-31 00:00:00
00131.HK,00131,卓能(集团),10007411,2006-06-30 00:00:00,001,6-30,004011001,应付帐款,35819698.32,2005-12-31 00:00:00
00131.HK,00131,卓能(集团),10007411,2006-06-30 00:00:00,001,6-30,004011003,应付税项,2269871.1,2005-12-31 00:00:00
00131.HK,00131,卓能(集团),10007411,2006-06-30 00:00:00,001,6-30,004011010,短期贷款,443632666.68,2005-12-31 00:00:00
00131.HK,00131,卓能(集团),10007411,2006-06-30 00:00:00,001,6-30,004011999,流动负债合计,481722236.1,2005-12-31 00:00:00
00131.HK,00131,卓能(集团),10007411,2006-06-30 00:00:00,001,6-30,004013999,净流动资产,403802348.04,2005-12-31 00:00:00
00131.HK,00131,卓能(集团),10007411,2006-06-30 00:00:00,001,6-30,004015999,总资产减流动负债,3197519550.54,2005-12-31 00:00:00
00131.HK,00131,卓能(集团),10007411,2006-06-30 00:00:00,001,6-30,004020001,长期贷款,1188292447.44,2005-12-31 00:00:00
00131.HK,00131,卓能(集团),10007411,2006-06-30 00:00:00,001,6-30,004020003,递延税项负债,311826759.3,2005-12-31 00:00:00
00131.HK,00131,卓能(集团),10007411,2006-06-30 00:00:00,001,6-30,004020999,非流动负债合计,1500119206.74,2005-12-31 00:00:00
00131.HK,00131,卓能(集团),10007411,2006-06-30 00:00:00,001,6-30,004025999,总负债,1981841442.84,2005-12-31 00:00:00
00131.HK,00131,卓能(集团),10007411,2006-06-30 00:00:00,001,6-30,004028999,净资产,1697400343.8,2005-12-31 00:00:00
00131.HK,00131,卓能(集团),10007411,2006-06-30 00:00:00,001,6-30,004030001,股本,7899769.08,2005-12-31 00:00:00
00131.HK,00131,卓能(集团),10007411,2006-06-30 00:00:00,001,6-30,004030002,储备,1689500574.72,2005-12-31 00:00:00
00131.HK,00131,卓能(集团),10007411,2006-06-30 00:00:00,001,6-30,004030999,股东权益,1697400343.8,2005-12-31 00:00:00
00131.HK,00131,卓能(集团),10007411,2006-06-30 00:00:00,001,6-30,004036999,总权益,1697400343.8,2005-12-31 00:00:00
00131.HK,00131,卓能(集团),10007411,2006-06-30 00:00:00,001,6-30,004037999,总权益及非流动负债,3197519550.54,2005-12-31 00:00:00
00131.HK,00131,卓能(集团),10007411,2006-06-30 00:00:00,001,6-30,004039999,总权益及总负债,3679241786.64,2005-12-31 00:00:00
00131.HK,00131,卓能(集团),10007411,2005-06-30 00:00:00,001,6-30,004001002,物业厂房及设备,3066912.0,2004-12-31 00:00:00
00131.HK,00131,卓能(集团),10007411,2005-06-30 00:00:00,001,6-30,004001003,投资物业,2159127346.0,2004-12-31 00:00:00
00131.HK,00131,卓能(集团),10007411,2005-06-30 00:00:00,001,6-30,004001008,在建工程,369682164.8,2004-12-31 00:00:00
00131.HK,00131,卓能(集团),10007411,2005-06-30 00:00:00,001,6-30,004001016,合营公司权益,1064.9,2004-12-31 00:00:00
00131.HK,00131,卓能(集团),10007411,2005-06-30 00:00:00,001,6-30,004001019,其他投资,1697450.6,2004-12-31 00:00:00
00131.HK,00131,卓能(集团),10007411,2005-06-30 00:00:00,001,6-30,004001999,非流动资产合计,2533574938.3,2004-12-31 00:00:00
00131.HK,00131,卓能(集团),10007411,2005-06-30 00:00:00,001,6-30,004002001,存货,2668639.4,2004-12-31 00:00:00
00131.HK,00131,卓能(集团),10007411,2005-06-30 00:00:00,001,6-30,004002003,应收帐款,745430.0,2004-12-31 00:00:00
00131.HK,00131,卓能(集团),10007411,2005-06-30 00:00:00,001,6-30,004002005,预付款按金及其他应收款,6272261.0,2004-12-31 00:00:00
00131.HK,00131,卓能(集团),10007411,2005-06-30 00:00:00,001,6-30,004002010,现金及等价物,16060821.8,2004-12-31 00:00:00
00131.HK,00131,卓能(集团),10007411,2005-06-30 00:00:00,001,6-30,004002999,流动资产合计,25747152.2,2004-12-31 00:00:00
00131.HK,00131,卓能(集团),10007411,2005-06-30 00:00:00,001,6-30,004009999,总资产,2559322090.5,2004-12-31 00:00:00
00131.HK,00131,卓能(集团),10007411,2005-06-30 00:00:00,001,6-30,004011001,应付帐款,4887891.0,2004-12-31 00:00:00
00131.HK,00131,卓能(集团),10007411,2005-06-30 00:00:00,001,6-30,004011003,应付税项,427024.9,2004-12-31 00:00:00
00131.HK,00131,卓能(集团),10007411,2005-06-30 00:00:00,001,6-30,004011010,短期贷款,35140635.1,2004-12-31 00:00:00
00131.HK,00131,卓能(集团),10007411,2005-06-30 00:00:00,001,6-30,004011013,其他流动负债,25760995.9,2004-12-31 00:00:00
00131.HK,00131,卓能(集团),10007411,2005-06-30 00:00:00,001,6-30,004011999,流动负债合计,66216546.9,2004-12-31 00:00:00
00131.HK,00131,卓能(集团),10007411,2005-06-30 00:00:00,001,6-30,004013999,净流动资产,-40469394.7,2004-12-31 00:00:00
00131.HK,00131,卓能(集团),10007411,2005-06-30 00:00:00,001,6-30,004015999,总资产减流动负债,2493105543.6,2004-12-31 00:00:00
00131.HK,00131,卓能(集团),10007411,2005-06-30 00:00:00,001,6-30,004020001,长期贷款,346495032.2,2004-12-31 00:00:00
00131.HK,00131,卓能(集团),10007411,2005-06-30 00:00:00,001,6-30,004020010,其他非流动负债,524078821.1,2004-12-31 00:00:00
00131.HK,00131,卓能(集团),10007411,2005-06-30 00:00:00,001,6-30,004020999,非流动负债合计,870573853.3,2004-12-31 00:00:00
00131.HK,00131,卓能(集团),10007411,2005-06-30 00:00:00,001,6-30,004025999,总负债,936790400.2,2004-12-31 00:00:00
00131.HK,00131,卓能(集团),10007411,2005-06-30 00:00:00,001,6-30,004028999,净资产,1622531690.3,2004-12-31 00:00:00
00131.HK,00131,卓能(集团),10007411,2005-06-30 00:00:00,001,6-30,004030001,股本,7792938.2,2004-12-31 00:00:00
00131.HK,00131,卓能(集团),10007411,2005-06-30 00:00:00,001,6-30,004030003,股本溢价,139779838.9,2004-12-31 00:00:00
00131.HK,00131,卓能(集团),10007411,2005-06-30 00:00:00,001,6-30,004030004,保留溢利(累计亏损),1209486797.5,2004-12-31 00:00:00
00131.HK,00131,卓能(集团),10007411,2005-06-30 00:00:00,001,6-30,004030009,其他储备,265472115.7,2004-12-31 00:00:00
00131.HK,00131,卓能(集团),10007411,2005-06-30 00:00:00,001,6-30,004030999,股东权益,1622531690.3,2004-12-31 00:00:00
00131.HK,00131,卓能(集团),10007411,2005-06-30 00:00:00,001,6-30,004036999,总权益,1622531690.3,2004-12-31 00:00:00
00131.HK,00131,卓能(集团),10007411,2005-06-30 00:00:00,001,6-30,004037999,总权益及非流动负债,2493105543.6,2004-12-31 00:00:00
00131.HK,00131,卓能(集团),10007411,2005-06-30 00:00:00,001,6-30,004039999,总权益及总负债,2559322090.5,2004-12-31 00:00:00
00131.HK,00131,卓能(集团),10007411,2005-06-30 00:00:00,001,6-30,004060999,非运算项目,4146616239.8,2004-12-31 00:00:00
00131.HK,00131,卓能(集团),10007411,2004-06-30 00:00:00,001,6-30,004001001,固定资产,1710393589.0,2003-12-31 00:00:00
00131.HK,00131,卓能(集团),10007411,2004-06-30 00:00:00,001,6-30,004001018,证券投资,1007855.0,2003-12-31 00:00:00
00131.HK,00131,卓能(集团),10007411,2004-06-30 00:00:00,001,6-30,004001019,其他投资,1060.9,2003-12-31 00:00:00
00131.HK,00131,卓能(集团),10007411,2004-06-30 00:00:00,001,6-30,004001026,贷款及垫款,1229583.1,2003-12-31 00:00:00
00131.HK,00131,卓能(集团),10007411,2004-06-30 00:00:00,001,6-30,004001027,可供出售投资,158776415.8,2003-12-31 00:00:00
00131.HK,00131,卓能(集团),10007411,2004-06-30 00:00:00,001,6-30,004001999,非流动资产合计,1871408503.8,2003-12-31 00:00:00
00131.HK,00131,卓能(集团),10007411,2004-06-30 00:00:00,001,6-30,004002002,发展中及待售物业,2658615.4,2003-12-31 00:00:00
00131.HK,00131,卓能(集团),10007411,2004-06-30 00:00:00,001,6-30,004002003,应收帐款,2459166.2,2003-12-31 00:00:00
00131.HK,00131,卓能(集团),10007411,2004-06-30 00:00:00,001,6-30,004002007,预缴及应收税项,110333.6,2003-12-31 00:00:00
00131.HK,00131,卓能(集团),10007411,2004-06-30 00:00:00,001,6-30,004002010,现金及等价物,9071755.9,2003-12-31 00:00:00
00131.HK,00131,卓能(集团),10007411,2004-06-30 00:00:00,001,6-30,004002999,流动资产合计,14299871.1,2003-12-31 00:00:00
00131.HK,00131,卓能(集团),10007411,2004-06-30 00:00:00,001,6-30,004009999,总资产,1885708374.9,2003-12-31 00:00:00
00131.HK,00131,卓能(集团),10007411,2004-06-30 00:00:00,001,6-30,004011001,应付帐款,50546580.5,2003-12-31 00:00:00
00131.HK,00131,卓能(集团),10007411,2004-06-30 00:00:00,001,6-30,004011003,应付税项,425420.9,2003-12-31 00:00:00
00131.HK,00131,卓能(集团),10007411,2004-06-30 00:00:00,001,6-30,004011010,短期贷款,37456135.4,2003-12-31 00:00:00
00131.HK,00131,卓能(集团),10007411,2004-06-30 00:00:00,001,6-30,004011999,流动负债合计,88428136.8,2003-12-31 00:00:00
00131.HK,00131,卓能(集团),10007411,2004-06-30 00:00:00,001,6-30,004013999,净流动资产,-74128265.7,2003-12-31 00:00:00
00131.HK,00131,卓能(集团),10007411,2004-06-30 00:00:00,001,6-30,004015999,总资产减流动负债,1797280238.1,2003-12-31 00:00:00
00131.HK,00131,卓能(集团),10007411,2004-06-30 00:00:00,001,6-30,004020001,长期贷款,282756372.5,2003-12-31 00:00:00
00131.HK,00131,卓能(集团),10007411,2004-06-30 00:00:00,001,6-30,004020004,应付关联方款项(非流动),189832141.5,2003-12-31 00:00:00
00131.HK,00131,卓能(集团),10007411,2004-06-30 00:00:00,001,6-30,004020999,非流动负债合计,472588514.0,2003-12-31 00:00:00
00131.HK,00131,卓能(集团),10007411,2004-06-30 00:00:00,001,6-30,004025999,总负债,561016650.8,2003-12-31 00:00:00
00131.HK,00131,卓能(集团),10007411,2004-06-30 00:00:00,001,6-30,004028999,净资产,1324691724.1,2003-12-31 00:00:00
00131.HK,00131,卓能(集团),10007411,2004-06-30 00:00:00,001,6-30,004030001,股本,7716986.6,2003-12-31 00:00:00
00131.HK,00131,卓能(集团),10007411,2004-06-30 00:00:00,001,6-30,004030002,储备,1316974737.5,2003-12-31 00:00:00
00131.HK,00131,卓能(集团),10007411,2004-06-30 00:00:00,001,6-30,004030999,股东权益,1324691724.1,2003-12-31 00:00:00
00131.HK,00131,卓能(集团),10007411,2004-06-30 00:00:00,001,6-30,004036999,总权益,1324691724.1,2003-12-31 00:00:00
00131.HK,00131,卓能(集团),10007411,2004-06-30 00:00:00,001,6-30,004037999,总权益及非流动负债,1797280238.1,2003-12-31 00:00:00
00131.HK,00131,卓能(集团),10007411,2004-06-30 00:00:00,001,6-30,004039999,总权益及总负债,1885708374.9,2003-12-31 00:00:00
00131.HK,00131,卓能(集团),10007411,2003-06-30 00:00:00,001,6-30,004001001,固定资产,1143020642.4,2002-12-31 00:00:00
00131.HK,00131,卓能(集团),10007411,2003-06-30 00:00:00,001,6-30,004001018,证券投资,1008140.0,2002-12-31 00:00:00
00131.HK,00131,卓能(集团),10007411,2003-06-30 00:00:00,001,6-30,004001019,其他投资,1061.2,2002-12-31 00:00:00
00131.HK,00131,卓能(集团),10007411,2003-06-30 00:00:00,001,6-30,004001026,贷款及垫款,1333928.4,2002-12-31 00:00:00
00131.HK,00131,卓能(集团),10007411,2003-06-30 00:00:00,001,6-30,004001027,可供出售投资,141139600.0,2002-12-31 00:00:00
00131.HK,00131,卓能(集团),10007411,2003-06-30 00:00:00,001,6-30,004001999,非流动资产合计,1286503372.0,2002-12-31 00:00:00
00131.HK,00131,卓能(集团),10007411,2003-06-30 00:00:00,001,6-30,004002002,发展中及待售物业,114420706.4,2002-12-31 00:00:00
00131.HK,00131,卓能(集团),10007411,2003-06-30 00:00:00,001,6-30,004002003,应收帐款,8467314.8,2002-12-31 00:00:00
00131.HK,00131,卓能(集团),10007411,2003-06-30 00:00:00,001,6-30,004002007,预缴及应收税项,307748.0,2002-12-31 00:00:00
00131.HK,00131,卓能(集团),10007411,2003-06-30 00:00:00,001,6-30,004002010,现金及等价物,1230992.0,2002-12-31 00:00:00
00131.HK,00131,卓能(集团),10007411,2003-06-30 00:00:00,001,6-30,004002999,流动资产合计,124426761.2,2002-12-31 00:00:00
00131.HK,00131,卓能(集团),10007411,2003-06-30 00:00:00,001,6-30,004009999,总资产,1410930133.2,2002-12-31 00:00:00
00131.HK,00131,卓能(集团),10007411,2003-06-30 00:00:00,001,6-30,004011001,应付帐款,28894353.6,2002-12-31 00:00:00
00131.HK,00131,卓能(集团),10007411,2003-06-30 00:00:00,001,6-30,004011003,应付税项,425541.2,2002-12-31 00:00:00
00131.HK,00131,卓能(集团),10007411,2003-06-30 00:00:00,001,6-30,004011010,短期贷款,30282403.2,2002-12-31 00:00:00
00131.HK,00131,卓能(集团),10007411,2003-06-30 00:00:00,001,6-30,004011999,流动负债合计,59602298.0,2002-12-31 00:00:00
00131.HK,00131,卓能(集团),10007411,2003-06-30 00:00:00,001,6-30,004013999,净流动资产,64824463.2,2002-12-31 00:00:00
00131.HK,00131,卓能(集团),10007411,2003-06-30 00:00:00,001,6-30,004015999,总资产减流动负债,1351327835.2,2002-12-31 00:00:00
00131.HK,00131,卓能(集团),10007411,2003-06-30 00:00:00,001,6-30,004020001,长期贷款,276018120.0,2002-12-31 00:00:00
00131.HK,00131,卓能(集团),10007411,2003-06-30 00:00:00,001,6-30,004020004,应付关联方款项(非流动),222771348.8,2002-12-31 00:00:00
00131.HK,00131,卓能(集团),10007411,2003-06-30 00:00:00,001,6-30,004020999,非流动负债合计,498789468.8,2002-12-31 00:00:00
00131.HK,00131,卓能(集团),10007411,2003-06-30 00:00:00,001,6-30,004025999,总负债,558391766.8,2002-12-31 00:00:00
00131.HK,00131,卓能(集团),10007411,2003-06-30 00:00:00,001,6-30,004028999,净资产,852538366.4,2002-12-31 00:00:00
00131.HK,00131,卓能(集团),10007411,2003-06-30 00:00:00,001,6-30,004030001,股本,7719168.8,2002-12-31 00:00:00
00131.HK,00131,卓能(集团),10007411,2003-06-30 00:00:00,001,6-30,004030002,储备,844819197.6,2002-12-31 00:00:00
00131.HK,00131,卓能(集团),10007411,2003-06-30 00:00:00,001,6-30,004030999,股东权益,852538366.4,2002-12-31 00:00:00
00131.HK,00131,卓能(集团),10007411,2003-06-30 00:00:00,001,6-30,004036999,总权益,852538366.4,2002-12-31 00:00:00
00131.HK,00131,卓能(集团),10007411,2003-06-30 00:00:00,001,6-30,004037999,总权益及非流动负债,1351327835.2,2002-12-31 00:00:00
00131.HK,00131,卓能(集团),10007411,2003-06-30 00:00:00,001,6-30,004039999,总权益及总负债,1410930133.2,2002-12-31 00:00:00
00131.HK,00131,卓能(集团),10007411,2002-06-30 00:00:00,001,6-30,004001002,物业厂房及设备,3892402.0,2001-12-31 00:00:00
00131.HK,00131,卓能(集团),10007411,2002-06-30 00:00:00,001,6-30,004001003,投资物业,1253196475.2,2001-12-31 00:00:00
00131.HK,00131,卓能(集团),10007411,2002-06-30 00:00:00,001,6-30,004001008,在建工程,144320084.4,2001-12-31 00:00:00
00131.HK,00131,卓能(集团),10007411,2002-06-30 00:00:00,001,6-30,004001016,合营公司权益,1060.6,2001-12-31 00:00:00
00131.HK,00131,卓能(集团),10007411,2002-06-30 00:00:00,001,6-30,004001019,其他投资,2760741.8,2001-12-31 00:00:00
00131.HK,00131,卓能(集团),10007411,2002-06-30 00:00:00,001,6-30,004001999,非流动资产合计,1404170764.0,2001-12-31 00:00:00
00131.HK,00131,卓能(集团),10007411,2002-06-30 00:00:00,001,6-30,004002001,存货,194644493.8,2001-12-31 00:00:00
00131.HK,00131,卓能(集团),10007411,2002-06-30 00:00:00,001,6-30,004002003,应收帐款,775298.6,2001-12-31 00:00:00
00131.HK,00131,卓能(集团),10007411,2002-06-30 00:00:00,001,6-30,004002005,预付款按金及其他应收款,3223163.4,2001-12-31 00:00:00
00131.HK,00131,卓能(集团),10007411,2002-06-30 00:00:00,001,6-30,004002010,现金及等价物,1639687.6,2001-12-31 00:00:00
00131.HK,00131,卓能(集团),10007411,2002-06-30 00:00:00,001,6-30,004002999,流动资产合计,200282643.4,2001-12-31 00:00:00
00131.HK,00131,卓能(集团),10007411,2002-06-30 00:00:00,001,6-30,004009999,总资产,1604453407.4,2001-12-31 00:00:00
00131.HK,00131,卓能(集团),10007411,2002-06-30 00:00:00,001,6-30,004011001,应付帐款,17608081.2,2001-12-31 00:00:00
00131.HK,00131,卓能(集团),10007411,2002-06-30 00:00:00,001,6-30,004011003,应付税项,442270.2,2001-12-31 00:00:00
00131.HK,00131,卓能(集团),10007411,2002-06-30 00:00:00,001,6-30,004011010,短期贷款,131475157.8,2001-12-31 00:00:00
00131.HK,00131,卓能(集团),10007411,2002-06-30 00:00:00,001,6-30,004011013,其他流动负债,32598601.6,2001-12-31 00:00:00
00131.HK,00131,卓能(集团),10007411,2002-06-30 00:00:00,001,6-30,004011999,流动负债合计,182124110.8,2001-12-31 00:00:00
00131.HK,00131,卓能(集团),10007411,2002-06-30 00:00:00,001,6-30,004013999,净流动资产,18158532.6,2001-12-31 00:00:00
00131.HK,00131,卓能(集团),10007411,2002-06-30 00:00:00,001,6-30,004015999,总资产减流动负债,1422329296.6,2001-12-31 00:00:00
00131.HK,00131,卓能(集团),10007411,2002-06-30 00:00:00,001,6-30,004020001,长期贷款,190589820.0,2001-12-31 00:00:00
00131.HK,00131,卓能(集团),10007411,2002-06-30 00:00:00,001,6-30,004020010,其他非流动负债,243835121.8,2001-12-31 00:00:00
00131.HK,00131,卓能(集团),10007411,2002-06-30 00:00:00,001,6-30,004020999,非流动负债合计,434424941.8,2001-12-31 00:00:00
00131.HK,00131,卓能(集团),10007411,2002-06-30 00:00:00,001,6-30,004025999,总负债,616549052.6,2001-12-31 00:00:00
00131.HK,00131,卓能(集团),10007411,2002-06-30 00:00:00,001,6-30,004028999,净资产,987904354.8,2001-12-31 00:00:00
00131.HK,00131,卓能(集团),10007411,2002-06-30 00:00:00,001,6-30,004030001,股本,5142849.4,2001-12-31 00:00:00
00131.HK,00131,卓能(集团),10007411,2002-06-30 00:00:00,001,6-30,004030003,股本溢价,112372691.2,2001-12-31 00:00:00
00131.HK,00131,卓能(集团),10007411,2002-06-30 00:00:00,001,6-30,004030004,保留溢利(累计亏损),271679053.6,2001-12-31 00:00:00
00131.HK,00131,卓能(集团),10007411,2002-06-30 00:00:00,001,6-30,004030009,其他储备,598709760.6,2001-12-31 00:00:00
00131.HK,00131,卓能(集团),10007411,2002-06-30 00:00:00,001,6-30,004030999,股东权益,987904354.8,2001-12-31 00:00:00
00131.HK,00131,卓能(集团),10007411,2002-06-30 00:00:00,001,6-30,004036999,总权益,987904354.8,2001-12-31 00:00:00
00131.HK,00131,卓能(集团),10007411,2002-06-30 00:00:00,001,6-30,004037999,总权益及非流动负债,1422329296.6,2001-12-31 00:00:00
00131.HK,00131,卓能(集团),10007411,2002-06-30 00:00:00,001,6-30,004039999,总权益及总负债,1604453407.4,2001-12-31 00:00:00
00131.HK,00131,卓能(集团),10007411,2002-06-30 00:00:00,001,6-30,004060999,非运算项目,2384171527.6,2001-12-31 00:00:00
00131.HK,00131,卓能(集团),10007411,2001-06-30 00:00:00,001,6-30,004001002,物业厂房及设备,3095520.4,2000-12-31 00:00:00
00131.HK,00131,卓能(集团),10007411,2001-06-30 00:00:00,001,6-30,004001003,投资物业,1364672425.2,2000-12-31 00:00:00
00131.HK,00131,卓能(集团),10007411,2001-06-30 00:00:00,001,6-30,004001016,合营公司权益,1061.2,2000-12-31 00:00:00
00131.HK,00131,卓能(集团),10007411,2001-06-30 00:00:00,001,6-30,004001019,其他投资,3723750.8,2000-12-31 00:00:00
00131.HK,00131,卓能(集团),10007411,2001-06-30 00:00:00,001,6-30,004001999,非流动资产合计,1371492757.6,2000-12-31 00:00:00
00131.HK,00131,卓能(集团),10007411,2001-06-30 00:00:00,001,6-30,004002001,存货,188567811.6,2000-12-31 00:00:00
00131.HK,00131,卓能(集团),10007411,2001-06-30 00:00:00,001,6-30,004002003,应收帐款,786349.2,2000-12-31 00:00:00
00131.HK,00131,卓能(集团),10007411,2001-06-30 00:00:00,001,6-30,004002005,预付款按金及其他应收款,3845788.8,2000-12-31 00:00:00
00131.HK,00131,卓能(集团),10007411,2001-06-30 00:00:00,001,6-30,004002010,现金及等价物,1267072.8,2000-12-31 00:00:00
00131.HK,00131,卓能(集团),10007411,2001-06-30 00:00:00,001,6-30,004002999,流动资产合计,194467022.4,2000-12-31 00:00:00
00131.HK,00131,卓能(集团),10007411,2001-06-30 00:00:00,001,6-30,004009999,总资产,1565959780.0,2000-12-31 00:00:00
00131.HK,00131,卓能(集团),10007411,2001-06-30 00:00:00,001,6-30,004011001,应付帐款,15335401.2,2000-12-31 00:00:00
00131.HK,00131,卓能(集团),10007411,2001-06-30 00:00:00,001,6-30,004011003,应付税项,523171.6,2000-12-31 00:00:00
00131.HK,00131,卓能(集团),10007411,2001-06-30 00:00:00,001,6-30,004011010,短期贷款,306801409.6,2000-12-31 00:00:00
00131.HK,00131,卓能(集团),10007411,2001-06-30 00:00:00,001,6-30,004011013,其他流动负债,31409397.6,2000-12-31 00:00:00
00131.HK,00131,卓能(集团),10007411,2001-06-30 00:00:00,001,6-30,004011999,流动负债合计,354069380.0,2000-12-31 00:00:00
00131.HK,00131,卓能(集团),10007411,2001-06-30 00:00:00,001,6-30,004013999,净流动资产,-159602357.6,2000-12-31 00:00:00
00131.HK,00131,卓能(集团),10007411,2001-06-30 00:00:00,001,6-30,004015999,总资产减流动负债,1211890400.0,2000-12-31 00:00:00
00131.HK,00131,卓能(集团),10007411,2001-06-30 00:00:00,001,6-30,004020010,其他非流动负债,117996950.4,2000-12-31 00:00:00
00131.HK,00131,卓能(集团),10007411,2001-06-30 00:00:00,001,6-30,004020999,非流动负债合计,117996950.4,2000-12-31 00:00:00
00131.HK,00131,卓能(集团),10007411,2001-06-30 00:00:00,001,6-30,004025999,总负债,472066330.4,2000-12-31 00:00:00
00131.HK,00131,卓能(集团),10007411,2001-06-30 00:00:00,001,6-30,004028999,净资产,1093893449.6,2000-12-31 00:00:00
00131.HK,00131,卓能(集团),10007411,2001-06-30 00:00:00,001,6-30,004030001,股本,3430859.6,2000-12-31 00:00:00
00131.HK,00131,卓能(集团),10007411,2001-06-30 00:00:00,001,6-30,004030003,股本溢价,80761564.8,2000-12-31 00:00:00
00131.HK,00131,卓能(集团),10007411,2001-06-30 00:00:00,001,6-30,004030004,保留溢利(累计亏损),291393846.8,2000-12-31 00:00:00
00131.HK,00131,卓能(集团),10007411,2001-06-30 00:00:00,001,6-30,004030009,其他储备,718307178.4,2000-12-31 00:00:00
00131.HK,00131,卓能(集团),10007411,2001-06-30 00:00:00,001,6-30,004030999,股东权益,1093893449.6,2000-12-31 00:00:00
00131.HK,00131,卓能(集团),10007411,2001-06-30 00:00:00,001,6-30,004036999,总权益,1093893449.6,2000-12-31 00:00:00
00131.HK,00131,卓能(集团),10007411,2001-06-30 00:00:00,001,6-30,004037999,总权益及非流动负债,1211890400.0,2000-12-31 00:00:00
00131.HK,00131,卓能(集团),10007411,2001-06-30 00:00:00,001,6-30,004039999,总权益及总负债,1565959780.0,2000-12-31 00:00:00
00131.HK,00131,卓能(集团),10007411,2001-06-30 00:00:00,001,6-30,004060999,非运算项目,2458231596.8,2000-12-31 00:00:00
